[
    {
        "Reign_ID": "bc6120a9-2d94-4b22-809c-4db3ca5aa941",
        "Belt_ID": "wma-world-tag-team-championship-ee2a",
        "Champion_Name": "The Mad Dogs",
        "Date_Won": "2021-05-20",
        "Date_Lost": null,
        "Defenses": 0,
        "Notes": "Won from vacant status"
    },
    {
        "Reign_ID": "b200ccf6-9dc2-4c6a-9dc5-f9e29ab8c192",
        "Belt_ID": "wma-world-championship-39b5",
        "Champion_Name": "Timothy Myers",
        "Date_Won": "2021-06-24",
        "Date_Lost": null,
        "Defenses": 1,
        "Notes": "Won from vacant status"
    },
    {
        "Reign_ID": "64d80730-cc2a-493c-b7e5-d0d1be8e1448",
        "Belt_ID": "wma-womens-world-championship-285b",
        "Champion_Name": "Katy Kelly",
        "Date_Won": "2021-07-10",
        "Date_Lost": null,
        "Defenses": 0,
        "Notes": "Won from vacant status"
    }
]