[
    {
        "Event_Name": "Mayhem #1",
        "Subtitle": "",
        "Status": "Past",
        "Date": "2021-04-22",
        "Venue": "Addition Finance Arena",
        "Location": "Orlando, Florida, USA",
        "Broadcasters": "John Thompson, Philip Mesa, Grant Kowalski, Brad Ellering",
        "Finalized": true,
        "event_summary_file": "data/events/mayhem-1_summary.md"
    },
    {
        "Event_Name": "Mayhem #2",
        "Subtitle": "",
        "Status": "Past",
        "Date": "2021-04-29",
        "Venue": "Veterans Memorial Arena",
        "Location": "Jacksonville, Florida",
        "Broadcasters": "John Thompson, Philip Mesa, Grant Kowalski, Brad Ellering",
        "Finalized": true,
        "event_summary_file": "data/events/mayhem-2_summary.md"
    },
    {
        "Event_Name": "Mayhem #4",
        "Subtitle": "",
        "Status": "Past",
        "Date": "2021-05-13",
        "Venue": "Chesapeake Arena",
        "Location": "Baltimore, MD, USA",
        "Broadcasters": "Philip Mesa, John Thompson, Grant Kowalski, Brad Ellering",
        "Finalized": true,
        "event_summary_file": "data/events/mayhem-4_summary.md"
    },
    {
        "Event_Name": "Mayhem #5",
        "Subtitle": "",
        "Status": "Past",
        "Date": "2021-05-20",
        "Venue": "College Park Center",
        "Location": "Arlington, TX (Dallas)",
        "Broadcasters": "Philip Mesa, Grant Kowalski, Jefferson Turner, Brenda McHale",
        "Finalized": true,
        "event_summary_file": "data/events/mayhem-5_summary.md"
    },
    {
        "Event_Name": "Mayhem #6",
        "Subtitle": "",
        "Status": "Past",
        "Date": "2021-05-27",
        "Venue": "Buffalo RiverWorks",
        "Location": "Buffalo, NY",
        "Broadcasters": "Philip Mesa, Grant Kowalski, Jefferson Turner, Brenda McHale",
        "Finalized": true,
        "event_summary_file": "data/events/mayhem-6_summary.md"
    },
    {
        "Event_Name": "Mayhem #7",
        "Subtitle": "",
        "Status": "Past",
        "Date": "2021-06-03",
        "Venue": "Agganis Arena",
        "Location": "Boston, MA",
        "Broadcasters": "Philip Mesa, Grant Kowalski, Jefferson Turner, Brenda McHale",
        "Finalized": true,
        "event_summary_file": "data/events/mayhem-7_summary.md"
    },
    {
        "Event_Name": "Mayhem #8",
        "Subtitle": "",
        "Status": "Past",
        "Date": "2021-06-10",
        "Venue": "WesBanco Arena",
        "Location": "Wheeling, WV",
        "Broadcasters": "Philip Mesa, Grant Kowalski, Jefferson Turner, Brenda McHale",
        "Finalized": true,
        "event_summary_file": "data/events/mayhem-8_summary.md"
    },
    {
        "Event_Name": "Mayhem #9",
        "Subtitle": "",
        "Status": "Past",
        "Date": "2021-06-17",
        "Venue": "Chaifetz Arena",
        "Location": "St. Louis, MO",
        "Broadcasters": "Philip Mesa, Grant Kowalski, Brenda McHale, Jefferson Turner",
        "Finalized": true,
        "event_summary_file": "data/events/mayhem-9_summary.md"
    },
    {
        "Event_Name": "Mayhem #10",
        "Subtitle": "",
        "Status": "Past",
        "Date": "2021-06-24",
        "Venue": "Yuengling Center",
        "Location": "Tampa, FL ",
        "Broadcasters": "Philip Mesa, Grant Kowalski, Brad Ellering, Jefferson Turner",
        "Finalized": true,
        "event_summary_file": "data/events/mayhem-10_summary.md"
    },
    {
        "Event_Name": "Mayhem #11",
        "Subtitle": "",
        "Status": "Past",
        "Date": "2021-07-01",
        "Venue": "Addition Financial Arena",
        "Location": "Orlando, FL",
        "Broadcasters": "Philip Mesa, Grant Kowalski, Brad Ellering, Jefferson Turner",
        "Finalized": true,
        "event_summary_file": "data/events/mayhem-11_summary.md"
    },
    {
        "Event_Name": "Mayhem #12",
        "Subtitle": "",
        "Status": "Past",
        "Date": "2021-07-08",
        "Venue": "Liacouras Center",
        "Location": "Philadelphia, PA",
        "Broadcasters": "Philip Mesa, Grant Kowalski, Jefferson Turner, Brad Ellering",
        "Finalized": true,
        "event_summary_file": "data/events/mayhem-12_summary.md"
    },
    {
        "Event_Name": "The All-American Showdown 2021",
        "Subtitle": "",
        "Status": "Past",
        "Date": "2021-07-10",
        "Venue": "Liacouras Center",
        "Location": "Philadelphia, PA",
        "Broadcasters": "Philip Mesa, Grant Kowalski, Brad Ellering, Jefferson Turner",
        "Finalized": true,
        "event_summary_file": "data/events/the-all-american-showdown-2021_summary.md"
    },
    {
        "Event_Name": "Mayhem #13",
        "Subtitle": "",
        "Status": "Future",
        "Date": "2021-07-15",
        "Venue": "Wolstein Center",
        "Location": "Cleveland, OH",
        "Broadcasters": "Philip Mesa, Grant Kowalski, Brenda McHale, Jefferson Turner",
        "Finalized": false
    },
    {
        "Event_Name": "Mayhem #14",
        "Subtitle": "",
        "Status": "Future",
        "Date": "2021-07-22",
        "Venue": "Van Andel Arena",
        "Location": "Grand Rapids, MI",
        "Broadcasters": "Philip Mesa, Grant Kowalski, Brad Ellering, Jefferson Turner",
        "Finalized": false
    },
    {
        "Event_Name": "Mayhem #15",
        "Subtitle": "",
        "Status": "Future",
        "Date": "2021-07-29",
        "Venue": "Alltech Arena",
        "Location": "Lexington, KY",
        "Broadcasters": "Philip Mesa, Grant Kowalski, Brenda McHale, Jefferson Turner",
        "Finalized": false
    },
    {
        "Event_Name": "Mayhem #16",
        "Subtitle": "",
        "Status": "Future",
        "Date": "2021-08-05",
        "Venue": "St. John Arena",
        "Location": "Columbus, OH",
        "Broadcasters": "Philip Mesa, Grant Kowalski, Brenda McHale, Jefferson Turner",
        "Finalized": false
    },
    {
        "Event_Name": "Rising #1",
        "Subtitle": "",
        "Status": "Future",
        "Date": "2021-08-09",
        "Venue": "ESPN Wide World of Sports Complex",
        "Location": "Bay Lake, FL",
        "Broadcasters": "Philip Mesa, Brad Ellering",
        "Finalized": false
    },
    {
        "Event_Name": "Mayhem #17",
        "Subtitle": "",
        "Status": "Future",
        "Date": "2021-08-12",
        "Venue": "Gas South Arena",
        "Location": "Duluth, GA (Atlanta)",
        "Broadcasters": "Philip Mesa, Grant Kowalski, Brad Ellering, Jefferson Turner",
        "Finalized": false
    },
    {
        "Event_Name": "Rising #2",
        "Subtitle": "",
        "Status": "Future",
        "Date": "2021-08-16",
        "Venue": "ESPN Wide World of Sports Complex",
        "Location": "Bay Lake, FL",
        "Broadcasters": "Philip Mesa, Michael Brooks",
        "Finalized": false
    },
    {
        "Event_Name": "Mayhem #18",
        "Subtitle": "",
        "Status": "Future",
        "Date": "2021-08-19",
        "Venue": "Bell Centre",
        "Location": "Montreal, QC, Canada",
        "Broadcasters": "Philip Mesa, Grant Kowalski, Brenda McHale, Jefferson Turner",
        "Finalized": false
    },
    {
        "Event_Name": "Rising #3",
        "Subtitle": "",
        "Status": "Future",
        "Date": "2021-08-30",
        "Venue": "ESPN Wide World of Sports Complex",
        "Location": "Bay Lake, FL",
        "Broadcasters": "Philip Mesa, Michael Brooks",
        "Finalized": false
    },
    {
        "Event_Name": "Mayhem #19",
        "Subtitle": "",
        "Status": "Future",
        "Date": "2021-08-26",
        "Venue": "Coca-Cola Coliseum",
        "Location": "Toronto, ON, Canada",
        "Broadcasters": "Philip Mesa, Grant Kowalski, Brenda McHale, Jefferson Turner",
        "Finalized": false
    },
    {
        "Event_Name": "Mayhem #20",
        "Subtitle": "",
        "Status": "Future",
        "Date": "2021-09-02",
        "Venue": "XL Center",
        "Location": "Hartford, CT",
        "Broadcasters": "Philip Mesa, Grant Kowalski, Brenda McHale, Jefferson Turner",
        "Finalized": false
    },
    {
        "Event_Name": "Rising #4",
        "Subtitle": "",
        "Status": "Future",
        "Date": "2021-09-06",
        "Venue": "ESPN Wide World of Sports Complex",
        "Location": "Bay Lake, FL",
        "Broadcasters": "Philip Mesa, Michael Brooks",
        "Finalized": false
    },
    {
        "Event_Name": "Mayhem #21",
        "Subtitle": "",
        "Status": "Future",
        "Date": "2021-09-09",
        "Venue": "Dunkin Donuts Center",
        "Location": "Providence, RI",
        "Broadcasters": "Philip Mesa, Grant Kowalski, Brenda McHale, Jefferson Turner",
        "Finalized": false
    },
    {
        "Event_Name": "Rising #5",
        "Subtitle": "",
        "Status": "Future",
        "Date": "2021-09-13",
        "Venue": "Erie Insurance Arena",
        "Location": "Erie, PA",
        "Broadcasters": "Philip Mesa, Michael Brooks",
        "Finalized": false
    },
    {
        "Event_Name": "Mayhem #22",
        "Subtitle": "",
        "Status": "Future",
        "Date": "2021-09-16",
        "Venue": "Petersen Events Center",
        "Location": "Pittsburgh, PA",
        "Broadcasters": "Philip Mesa, Grant Kowalski, Brenda McHale, Jefferson Turner",
        "Finalized": false
    },
    {
        "Event_Name": "Rising #6",
        "Subtitle": "",
        "Status": "Future",
        "Date": "2021-09-20",
        "Venue": "ESPN Wide World of Sports Complex",
        "Location": "Bay Lake, FL",
        "Broadcasters": "Philip Mesa, Michael Brooks",
        "Finalized": false
    },
    {
        "Event_Name": "Mayhem #23",
        "Subtitle": "",
        "Status": "Future",
        "Date": "2021-09-23",
        "Venue": "Ridder Arena",
        "Location": "Minneapolis, MN",
        "Broadcasters": "Philip Mesa, Grant Kowalski, Brenda McHale, Jefferson Turner",
        "Finalized": false
    },
    {
        "Event_Name": "Mayhem #24",
        "Subtitle": "",
        "Status": "Future",
        "Date": "2021-09-30",
        "Venue": "Wintrust Arena",
        "Location": "Chicago, IL",
        "Broadcasters": "Philip Mesa, Grant Kowalski, Brenda McHale, Jefferson Turner",
        "Finalized": false
    },
    {
        "Event_Name": "Rising #7",
        "Subtitle": "",
        "Status": "Future",
        "Date": "2021-10-04",
        "Venue": "ESPN Wide World of Sports Complex",
        "Location": "Bay Lake, FL",
        "Broadcasters": "Philip Mesa, Michael Brooks",
        "Finalized": false
    },
    {
        "Event_Name": "Mayhem #25",
        "Subtitle": "",
        "Status": "Future",
        "Date": "2021-10-07",
        "Venue": "Addition Financial Arena",
        "Location": "Orlando, FL",
        "Broadcasters": "Philip Mesa, Grant Kowalski, Brad Ellering, Jefferson Turner",
        "Finalized": false
    },
    {
        "Event_Name": "Ascension 2021",
        "Subtitle": "",
        "Status": "Future",
        "Date": "2021-10-09",
        "Venue": "Yuengling Center",
        "Location": "Tampa, FL",
        "Broadcasters": "Philip Mesa, Grant Kowalski, Brad Ellering, Jefferson Turner",
        "Finalized": false
    },
    {
        "Event_Name": "Rising #8",
        "Subtitle": "",
        "Status": "Future",
        "Date": "2021-10-11",
        "Venue": "ESPN Wide World of Sports Complex",
        "Location": "Bay Lake, FL",
        "Broadcasters": "Philip Mesa, Grant Kowalski, Brad Ellering",
        "Finalized": false
    },
    {
        "Event_Name": "Mayhem #26",
        "Subtitle": "",
        "Status": "Future",
        "Date": "2021-10-14",
        "Venue": "Kellogg Arena",
        "Location": "Battle Creek, MI",
        "Broadcasters": "Philip Mesa, Grant Kowalski, Brenda McHale, Jefferson Turner",
        "Finalized": false
    },
    {
        "Event_Name": "Rising #9",
        "Subtitle": "",
        "Status": "Future",
        "Date": "2021-10-18",
        "Venue": "ESPN Wide World of Sports Complex",
        "Location": "Bay Lake, FL",
        "Broadcasters": "Philip Mesa, Michael Brooks",
        "Finalized": false
    },
    {
        "Event_Name": "Mayhem #27",
        "Subtitle": "",
        "Status": "Future",
        "Date": "2021-10-21",
        "Venue": "Nashville Municipal Auditorium",
        "Location": "Nashville, TN",
        "Broadcasters": "Philip Mesa, Grant Kowalski, Jefferson Turner, Brenda McHale",
        "Finalized": false
    },
    {
        "Event_Name": "Rising #10",
        "Subtitle": "",
        "Status": "Future",
        "Date": "2021-10-25",
        "Venue": "ESPN Wide World of Sports Complex",
        "Location": "Bay Lake, FL",
        "Broadcasters": "Philip Mesa, Michael Brooks",
        "Finalized": false
    },
    {
        "Event_Name": "Mayhem #28",
        "Subtitle": "Fright Night",
        "Status": "Future",
        "Date": "2021-10-28",
        "Venue": "Lakefront Arena",
        "Location": "New Orleans, LA",
        "Broadcasters": "Philip Mesa, Grant Kowalski, Brenda McHale, Jefferson Turner",
        "Finalized": false
    },
    {
        "Event_Name": "Rising #11",
        "Subtitle": "",
        "Status": "Future",
        "Date": "2021-11-01",
        "Venue": "ESPN Wide World of Sports Complex",
        "Location": "Bay Lake, FL",
        "Broadcasters": "Philip Mesa, Michael Brooks, Brad Ellering",
        "Finalized": false
    },
    {
        "Event_Name": "Mayhem #29",
        "Subtitle": "",
        "Status": "Future",
        "Date": "2021-11-04",
        "Venue": "Watsco Center",
        "Location": "Miami, FL",
        "Broadcasters": "Philip Mesa, Grant Kowalski, Brad Ellering, Jefferson Turner",
        "Finalized": false
    },
    {
        "Event_Name": "Rising #12",
        "Subtitle": "",
        "Status": "Future",
        "Date": "2021-11-11",
        "Venue": "ESPN Wide World of Sports Complex",
        "Location": "Bay Lake, FL",
        "Broadcasters": "Philip Mesa, Grant Kowalski, Brad Ellering",
        "Finalized": false
    },
    {
        "Event_Name": "Mayhem #30",
        "Subtitle": "",
        "Status": "Future",
        "Date": "2021-11-11",
        "Venue": "Donald L. Tucker Civic Center",
        "Location": "Tallahassee, FL",
        "Broadcasters": "Philip Mesa, Grant Kowalski, Brad Ellering, Jefferson Turner",
        "Finalized": false
    },
    {
        "Event_Name": "Rising #13",
        "Subtitle": "",
        "Status": "Future",
        "Date": "2021-11-15",
        "Venue": "ESPN Wide World of Sports Complex",
        "Location": "Bay Lake, FL",
        "Broadcasters": "Philip Mesa, Michael Brooks, Brad Ellering",
        "Finalized": false
    },
    {
        "Event_Name": "Mayhem #31",
        "Subtitle": "",
        "Status": "Future",
        "Date": "2021-11-18",
        "Venue": "Tiger Arena",
        "Location": "Savannah, GA",
        "Broadcasters": "Philip Mesa, Grant Kowalski, Brenda McHale, Jefferson Turner",
        "Finalized": false
    },
    {
        "Event_Name": "Rising #14",
        "Subtitle": "",
        "Status": "Future",
        "Date": "2021-11-22",
        "Venue": "ESPN Wide World of Sports Complex",
        "Location": "Bay Lake, FL",
        "Broadcasters": "Philip Mesa, Michael Brooks",
        "Finalized": false
    },
    {
        "Event_Name": "Mayhem #32",
        "Subtitle": "Thanksgiving Classic",
        "Status": "Future",
        "Date": "2021-11-25",
        "Venue": "Mid-South Coliseum",
        "Location": "Memphis, TN",
        "Broadcasters": "Philip Mesa, Grant Kowalski, Jefferson Turner, Brenda McHale",
        "Finalized": false
    },
    {
        "Event_Name": "Rising #15",
        "Subtitle": "",
        "Status": "Future",
        "Date": "2021-11-29",
        "Venue": "ESPN Wide World of Sports Complex",
        "Location": "Bay Lake, FL",
        "Broadcasters": "Philip Mesa, Michael Brooks",
        "Finalized": false
    },
    {
        "Event_Name": "Mayhem #33",
        "Subtitle": "",
        "Status": "Future",
        "Date": "2021-12-02",
        "Venue": "American Bank Center",
        "Location": "Corpus Christi, TX",
        "Broadcasters": "Philip Mesa, Grant Kowalski, Jefferson Turner, Brenda McHale",
        "Finalized": false
    },
    {
        "Event_Name": "Rising #16",
        "Subtitle": "",
        "Status": "Future",
        "Date": "2021-12-06",
        "Venue": "ESPN Wide World of Sports Complex",
        "Location": "Bay Lake, FL",
        "Broadcasters": "Philip Mesa, Grant Kowalski, Brad Ellering",
        "Finalized": false
    },
    {
        "Event_Name": "Mayhem #34",
        "Subtitle": "",
        "Status": "Future",
        "Date": "2021-12-09",
        "Venue": "Berry Center",
        "Location": "Cypress, TX (Houston)",
        "Broadcasters": "Philip Mesa, Grant Kowalski, Brenda McHale, Jefferson Turner",
        "Finalized": false
    },
    {
        "Event_Name": "Rising #17",
        "Subtitle": "",
        "Status": "Future",
        "Date": "2021-12-13",
        "Venue": "ESPN Wide World of Sports Complex",
        "Location": "Bay Lake, FL",
        "Broadcasters": "Philip Mesa, Grant Kowalski, Brad Ellering",
        "Finalized": false
    },
    {
        "Event_Name": "Mayhem #35",
        "Subtitle": "",
        "Status": "Future",
        "Date": "2021-12-16",
        "Venue": "Freeman Coliseum",
        "Location": "San Antonio, TX ",
        "Broadcasters": "Philip Mesa, Grant Kowalski, Brenda McHale, Jefferson Turner",
        "Finalized": false
    },
    {
        "Event_Name": "Rising #18",
        "Subtitle": "",
        "Status": "Future",
        "Date": "2021-12-20",
        "Venue": "ESPN Wide World of Sports Complex",
        "Location": "Bay Lake, FL",
        "Broadcasters": "Philip Mesa, Grant Kowalski, Brad Ellering",
        "Finalized": false
    },
    {
        "Event_Name": "Mayhem #36",
        "Subtitle": "",
        "Status": "Future",
        "Date": "2021-12-23",
        "Venue": "College Park Center",
        "Location": "Arlington, TX (Dallas)",
        "Broadcasters": "Philip Mesa, Grant Kowalski, Brenda McHale, Jefferson Turner",
        "Finalized": false
    },
    {
        "Event_Name": "Rising #19",
        "Subtitle": "",
        "Status": "Future",
        "Date": "2021-12-27",
        "Venue": "ESPN Wide World of Sports Complex",
        "Location": "Bay Lake, FL",
        "Broadcasters": "Philip Mesa, Grant Kowalski, Brad Ellering",
        "Finalized": false
    },
    {
        "Event_Name": "Mayhem #37",
        "Subtitle": "",
        "Status": "Future",
        "Date": "2021-12-30",
        "Venue": "Charles E. Smith Center",
        "Location": "Washington, DC",
        "Broadcasters": "Philip Mesa, Grant Kowalski, Brenda McHale, Jefferson Turner",
        "Finalized": false
    },
    {
        "Event_Name": "Mayhem #38",
        "Subtitle": "",
        "Status": "Future",
        "Date": "2022-01-06",
        "Venue": "Buffalo RiverWorks",
        "Location": "Buffalo, NY",
        "Broadcasters": "Philip Mesa, Grant Kowalski, Brenda McHale, Jefferson Turner",
        "Finalized": false
    },
    {
        "Event_Name": "Mayhem #39",
        "Subtitle": "",
        "Status": "Future",
        "Date": "2022-01-13",
        "Venue": "Wolstein Center",
        "Location": "Cleveland, OH",
        "Broadcasters": "Philip Mesa, Grant Kowalski, Brenda McHale, Jefferson Turner",
        "Finalized": false
    },
    {
        "Event_Name": "Cold Steel",
        "Subtitle": "",
        "Status": "Future",
        "Date": "2022-01-16",
        "Venue": "Petersen Events Center",
        "Location": "Pittsburgh, PA",
        "Broadcasters": "Philip Mesa, Grant Kowalski, Brenda McHale, Jefferson Turner",
        "Finalized": false
    },
    {
        "Event_Name": "Mayhem #40",
        "Subtitle": "",
        "Status": "Future",
        "Date": "2022-01-20",
        "Venue": "Toyota Arena",
        "Location": "Ontario, CA, USA (Los Angeles)",
        "Broadcasters": "Philip Mesa, Grant Kowalski, Brenda McHale, Jefferson Turner",
        "Finalized": false
    },
    {
        "Event_Name": "Mayhem #41",
        "Subtitle": "",
        "Status": "Future",
        "Date": "2022-01-27",
        "Venue": "Chiles Center",
        "Location": "Portland, OR, USA",
        "Broadcasters": "Philip Mesa, Grant Kowalski, Brenda McHale, Jefferson Turner",
        "Finalized": false
    },
    {
        "Event_Name": "RSPW Chaos #531",
        "Subtitle": "",
        "Status": "Future",
        "Date": "2022-01-31",
        "Venue": "Osaka Prefectural Gymnasium",
        "Location": "Naniwa-ku, Osaka, JP",
        "Broadcasters": "",
        "Finalized": false
    },
    {
        "Event_Name": "Mayhem #42",
        "Subtitle": "",
        "Status": "Future",
        "Date": "2022-02-03",
        "Venue": "Climate Pledge Arena",
        "Location": "Seattle, WA, USA",
        "Broadcasters": "Philip Mesa, Grant Kowalski, Brenda McHale, Jefferson Turner",
        "Finalized": false
    },
    {
        "Event_Name": "RSPW Chaos #532",
        "Subtitle": "",
        "Status": "Future",
        "Date": "2022-02-07",
        "Venue": "Osaka Prefectural Gymnasium",
        "Location": "Naniwa-ku, Osaka, JP",
        "Broadcasters": "",
        "Finalized": false
    },
    {
        "Event_Name": "Mayhem #43",
        "Subtitle": "",
        "Status": "Future",
        "Date": "2022-02-10",
        "Venue": "Cow Palace",
        "Location": "Daly City, CA, USA (San Francisco)",
        "Broadcasters": "Philip Mesa, Grant Kowalski, Brenda McHale, Jefferson Turner",
        "Finalized": false
    },
    {
        "Event_Name": "Mayhem #44",
        "Subtitle": "",
        "Status": "Future",
        "Date": "2022-02-17",
        "Venue": "Pacific Coliseum",
        "Location": "Vancouver, BC, Canada",
        "Broadcasters": "Philip Mesa, Grant Kowalski, Brenda McHale, Jefferson Turner",
        "Finalized": false
    },
    {
        "Event_Name": "Mayhem #45",
        "Subtitle": "",
        "Status": "Future",
        "Date": "2022-02-24",
        "Venue": "Pechanga Arena",
        "Location": "San Diego, CA, USA",
        "Broadcasters": "Philip Mesa, Grant Kowalski, Brenda McHale, Jefferson Turner",
        "Finalized": false
    },
    {
        "Event_Name": "Mayhem #46",
        "Subtitle": "Invasion Mexico",
        "Status": "Future",
        "Date": "2022-03-03",
        "Venue": "Arena Mexico",
        "Location": "Mexico City, Mexico",
        "Broadcasters": "Philip Mesa, Grant Kowalski, Brenda McHale, Jefferson Turner",
        "Finalized": false
    },
    {
        "Event_Name": "Mayhem #47",
        "Subtitle": "",
        "Status": "Future",
        "Date": "2022-03-10",
        "Venue": "Arizona Veterans Memorial Coliseum",
        "Location": "Phoenix, AZ, USA",
        "Broadcasters": "Philip Mesa, Grant Kowalski, Brenda McHale, Jefferson Turner",
        "Finalized": false
    },
    {
        "Event_Name": "Mayhem #48",
        "Subtitle": "",
        "Status": "Future",
        "Date": "2022-03-17",
        "Venue": "MGM Grand Garden Arena",
        "Location": "Paradise, NV, USA (Las Vegas)",
        "Broadcasters": "Philip Mesa, Grant Kowalski, Brenda McHale, Jefferson Turner",
        "Finalized": false
    },
    {
        "Event_Name": "Rising #20",
        "Subtitle": "",
        "Status": "Future",
        "Date": "2022-03-19",
        "Venue": "Caesars Palace",
        "Location": "Paradise, NV, USA (Las Vegas)",
        "Broadcasters": "John Thompson, Philip Mesa, Alexi Chambers, Mike Wilson, Brenda McHale",
        "Finalized": false
    },
    {
        "Event_Name": "Mayhem #49",
        "Subtitle": "",
        "Status": "Future",
        "Date": "2022-03-24",
        "Venue": "MGM Grand Garden Arena",
        "Location": "Paradise, NV, USA (Las Vegas)",
        "Broadcasters": "Philip Mesa, Grant Kowalski, Brenda McHale, Jefferson Turner",
        "Finalized": false
    },
    {
        "Event_Name": "Mayhem #50",
        "Subtitle": "",
        "Status": "Future",
        "Date": "2022-03-31",
        "Venue": "Yuengling Center",
        "Location": "Tampa, FL",
        "Broadcasters": "Philip Mesa, Grant Kowalski, Brenda McHale",
        "Finalized": false
    },
    {
        "Event_Name": "Insurgence 2022",
        "Subtitle": "",
        "Status": "Future",
        "Date": "2022-04-02",
        "Venue": "Addition Finance Arena",
        "Location": "Orlando, FL",
        "Broadcasters": "Philip Mesa, Grant Kowalski, Jefferson Turner, Brad Ellering",
        "Finalized": false
    },
    {
        "Event_Name": "Mayhem #51",
        "Subtitle": "",
        "Status": "Future",
        "Date": "2022-04-07",
        "Venue": "FLA Live Arena",
        "Location": "Sunrise, FL, USA",
        "Broadcasters": "Philip Mesa, Grant Kowalski, Jefferson Turner, Brenda McHale",
        "Finalized": false
    },
    {
        "Event_Name": "Rising #21",
        "Subtitle": "",
        "Status": "Future",
        "Date": "2022-04-09",
        "Venue": "Kissimmee Civic Center",
        "Location": "Kissimmee, FL, USA",
        "Broadcasters": "John Thompson, Michael Brooks, Alexi Chambers",
        "Finalized": false
    },
    {
        "Event_Name": "Mayhem #52",
        "Subtitle": "",
        "Status": "Future",
        "Date": "2022-04-14",
        "Venue": "Gas South Center",
        "Location": "Atlanta, GA, USA",
        "Broadcasters": "Phil Mesa, Grant Kowalski, Brenda McHale",
        "Finalized": false
    },
    {
        "Event_Name": "Mayhem #53",
        "Subtitle": "Birthday Bash",
        "Status": "Future",
        "Date": "2022-04-21",
        "Venue": "Mid-South Coliseum",
        "Location": "Memphis, TN, USA",
        "Broadcasters": "Phil Mesa, Grant Kowalski, Brenda McHale",
        "Finalized": false
    },
    {
        "Event_Name": "Mayhem #54",
        "Subtitle": "",
        "Status": "Future",
        "Date": "2022-04-28",
        "Venue": "Columbia Coliseum",
        "Location": "Columbia, SC, USA",
        "Broadcasters": "Phil Mesa, Grant Kowalski, Brenda McHale",
        "Finalized": false
    },
    {
        "Event_Name": "Mayhem #55",
        "Subtitle": "Bayou Brawl",
        "Status": "Future",
        "Date": "2022-05-05",
        "Venue": "Lakefront Arena",
        "Location": "New Orleans, LA, USA",
        "Broadcasters": "Phil Mesa, Grant Kowalski, Brenda McHale",
        "Finalized": false
    },
    {
        "Event_Name": "Rising #22",
        "Subtitle": "",
        "Status": "Future",
        "Date": "2022-05-07",
        "Venue": "Caesar's Palace",
        "Location": "Paradise, NV, USA (Las Vegas)",
        "Broadcasters": "John Thompson, Michael Brooks",
        "Finalized": false
    },
    {
        "Event_Name": "Mayhem #56",
        "Subtitle": "",
        "Status": "Future",
        "Date": "2022-05-12",
        "Venue": "Greenville Memorial Auditorium",
        "Location": "Greenville, SC, USA",
        "Broadcasters": "Phil Mesa, Grant Kowalski, Brenda McHale",
        "Finalized": false
    },
    {
        "Event_Name": "Mayhem #57",
        "Subtitle": "",
        "Status": "Future",
        "Date": "2022-05-19",
        "Venue": "Dorton Arena",
        "Location": "Raleigh, NC, USA",
        "Broadcasters": "Phil Mesa, Grant Kowalski, Brenda McHale",
        "Finalized": false
    },
    {
        "Event_Name": "Mayhem #58",
        "Subtitle": "",
        "Status": "Future",
        "Date": "2022-05-26",
        "Venue": "Veterans Memorial Arena",
        "Location": "Jacksonville, FL, USA",
        "Broadcasters": "Phil Mesa, Grant Kowalski, Brenda McHale",
        "Finalized": false
    },
    {
        "Event_Name": "Mayhem #59",
        "Subtitle": "",
        "Status": "Future",
        "Date": "2022-06-02",
        "Venue": "Nashville Municipal Auditorium",
        "Location": "Nashville, TN, USA",
        "Broadcasters": "Phil Mesa, Grant Kowalski, Brenda McHale",
        "Finalized": false
    },
    {
        "Event_Name": "Mayhem #60",
        "Subtitle": "",
        "Status": "Future",
        "Date": "2022-06-09",
        "Venue": "Alltech Arena",
        "Location": "Lexington, KY, USA",
        "Broadcasters": "Phil Mesa, Grant Kowalski, Brenda McHale",
        "Finalized": false
    },
    {
        "Event_Name": "Mayhem #61",
        "Subtitle": "",
        "Status": "Future",
        "Date": "2022-06-16",
        "Venue": "Dale F. Halton Arena",
        "Location": "Charlotte, NC, USA",
        "Broadcasters": "",
        "Finalized": false
    },
    {
        "Event_Name": "Uprising #1",
        "Subtitle": "",
        "Status": "Future",
        "Date": "2022-06-19",
        "Venue": "Caesar's Palace",
        "Location": "Paradise, NV, USA (Las Vegas)",
        "Broadcasters": "",
        "Finalized": false
    },
    {
        "Event_Name": "Mayhem #3",
        "Subtitle": "",
        "Status": "Past",
        "Date": "2021-05-06",
        "Venue": "Petersen Events Center",
        "Location": "Pittsburgh, PA, USA",
        "Broadcasters": "Phil Mesa, Grant Kowalski, Brad Ellering",
        "Finalized": true,
        "event_summary_file": "data/events/mayhem-3_summary.md"
    }
]