[
    {
        "Name": "The Happy Faces",
        "Wins": "2",
        "Losses": "0",
        "Draws": "0",
        "Status": "Active",
        "Division": "3",
        "Location": "Happytown, USA",
        "Weight": "214",
        "Alignment": "Neutral",
        "Music": "&quot;Happy&quot; by Pharrell Williams",
        "Members": "Happy Jack| Happy Sam",
        "Faction": "",
        "Manager": "Michael Brooks",
        "Moves": "",
        "Belt": "",
        "Awards": "2x Former World Tag-Team Champions"
    },
    {
        "Name": "The Texas Badlanders",
        "Wins": "1",
        "Losses": "2",
        "Draws": "1",
        "Status": "Active",
        "Division": "3",
        "Location": "The Great State of Texas",
        "Weight": "290",
        "Alignment": "Heel",
        "Music": "&quot;Cowboy Way&quot; by Hellyeah",
        "Members": "Frank Roberts| Bill McGraw",
        "Faction": "",
        "Manager": "",
        "Moves": "Sorry Bout Your Damn Luck (a high-low)",
        "Belt": "",
        "Awards": "WMA Tag-Team Champions|#1 Ranked Male Tag-Team, October 2021|#1 Ranked Male Tag-Team, November 2021 (2)"
    },
    {
        "Name": "The Mad Dogs",
        "Wins": "3",
        "Losses": "0",
        "Draws": "1",
        "Status": "Active",
        "Division": "3",
        "Location": "Buffalo, New York",
        "Weight": "270",
        "Alignment": "Face",
        "Music": "&quot;Bark and Bite&quot; by Iron Claw",
        "Members": "Mad Dog Bark| Mad Dog Bite",
        "Faction": "",
        "Manager": "",
        "Moves": "The Dog Pound (A double punch to an opponent coming off of the ropes)| Dog Pile (Bark splashes an opponent, then Bite does the same)",
        "Belt": "WMA World Tag-Team Championship",
        "Awards": "Inaugural WMA Tag-Team Champions| #1 Ranked Male Tag Team, December 2021"
    },
    {
        "Name": "The Pumas",
        "Wins": "1",
        "Losses": "1",
        "Draws": "0",
        "Status": "Active",
        "Division": "3",
        "Location": "Portland, Oregon",
        "Weight": "466",
        "Alignment": "Neutral",
        "Music": "&quot;It's a Twin Thing&quot; by DJ Slam",
        "Members": "Killian Brady|Noah Brady",
        "Faction": "",
        "Manager": "",
        "Moves": "Puma Power (Noah catapolts opponent into a shining wizard from Killian)|Paw Print  (Double super-kick)",
        "Belt": "",
        "Awards": "#1 Ranked Male Tag-Team, September 2021|#1 Ranked Male Tag-Team, January 2022 (2)"
    },
    {
        "Name": "The Hooligans",
        "Wins": "2",
        "Losses": "1",
        "Draws": "0",
        "Status": "Active",
        "Division": "3",
        "Location": "USA",
        "Weight": "373",
        "Alignment": "",
        "Music": "",
        "Members": "Jason Walker|Mike Wilson",
        "Faction": "",
        "Manager": "",
        "Moves": "",
        "Awards": "",
        "Belt": ""
    },
    {
        "Name": "Adrenaline",
        "Wins": "0",
        "Losses": "0",
        "Draws": "0",
        "Status": "Active",
        "Division": "4",
        "Location": "USA",
        "Weight": "247",
        "Alignment": "Babyface",
        "Music": "",
        "Members": "Candice Whitehall|Gina Cook",
        "Faction": "",
        "Manager": "Tracey Stern",
        "Moves": "Heart Stopper",
        "Awards": "",
        "Hide_From_Fan_Roster": false,
        "Belt": ""
    },
    {
        "Name": "California Connection",
        "Wins": "1",
        "Losses": "0",
        "Draws": "0",
        "Status": "Active",
        "Division": "4",
        "Location": "California",
        "Weight": "254",
        "Alignment": "",
        "Music": "",
        "Members": "Amber Sloane|Tammy Terrel",
        "Faction": "",
        "Manager": "",
        "Moves": "",
        "Belt": "WMA Women's Tag-Team Champions",
        "Awards": "",
        "Hide_From_Fan_Roster": false
    },
    {
        "Name": "King's Court",
        "Wins": "0",
        "Losses": "0",
        "Draws": "0",
        "Status": "Inactive",
        "Division": "3",
        "Location": "United States",
        "Weight": "568",
        "Alignment": "Heel",
        "Music": "",
        "Members": "Jamey Kingston|Michael King",
        "Faction": "",
        "Manager": "",
        "Moves": "",
        "Belt": "",
        "Awards": ""
    },
    {
        "Name": "Diamond Princesses",
        "Wins": "0",
        "Losses": "2",
        "Draws": "0",
        "Status": "Active",
        "Division": "4",
        "Location": "",
        "Weight": "248",
        "Alignment": "Face",
        "Music": "",
        "Members": "Dana Diamond|Kiara Haddad",
        "Faction": "",
        "Manager": "",
        "Moves": "",
        "Belt": "",
        "Awards": ""
    },
    {
        "Name": "Rated Extreme",
        "Wins": "0",
        "Losses": "0",
        "Draws": "1",
        "Status": "Active",
        "Division": "3",
        "Location": "United States",
        "Weight": "220",
        "Alignment": "Face",
        "Music": "&quot;My Own Summer (Shove It)&quot; by the Def Tones",
        "Members": "&quot;The Monster&quot; Payne|Max Dynamite",
        "Faction": "",
        "Manager": "",
        "Moves": "Extreme Prejudice (Payne lifts the opponent into a wheelbarrow position and Dynamite hits a springboard cutter)|Rated Bomb (Payne throws the opponent in the air for a powerbomb and Dynamite hits a double knee facebreaker)|Death Sentence (Running cannonball scenton from Dynamite followed by a running big boot from Payne",
        "Belt": "",
        "Awards": "BWE World Tag-Team Champions|#1 Ranked Male Tag-Team, April 2022"
    },
    {
        "Name": "Sacred Dragons",
        "Wins": "1",
        "Losses": "1",
        "Draws": "0",
        "Status": "Active",
        "Division": "3",
        "Location": "Kyoto, Japan",
        "Weight": "390",
        "Alignment": "Heel",
        "Music": "Supernova by Mr Hudson ft Kanye West",
        "Members": "Purple Rime|Red Mist",
        "Faction": "",
        "Manager": "",
        "Moves": "",
        "Awards": "",
        "Belt": ""
    },
    {
        "Name": "Las Chicas Viciosas",
        "Wins": "2",
        "Losses": "0",
        "Draws": "0",
        "Status": "Active",
        "Division": "4",
        "Location": "The Bronx, New York",
        "Weight": "281",
        "Alignment": "Heel",
        "Music": "&quot;Bitch in the Hood&quot; by DJ Slam",
        "Members": "Elena Sanchez|Rita Gomez",
        "Faction": "",
        "Manager": "",
        "Moves": "Muerte a las Perras (doomsday device)",
        "Belt": "",
        "Awards": "Inaugural WMA Women's Tag-Team Champions"
    },
    {
        "Name": "Knightfall",
        "Wins": "2",
        "Losses": "0",
        "Draws": "0",
        "Status": "Active",
        "Division": "3",
        "Location": "United States",
        "Weight": "475",
        "Alignment": "Face",
        "Music": "&quot;Sound of Madness&quot; by Shinedown",
        "Members": "Chris Davids|John Blair",
        "Faction": "",
        "Manager": "Shadowcat",
        "Moves": "Hammer to Fall (A double DDT)|Swing Shift (Dropsault cradle)|Another One Bites the Dust (A clothesline/spear combo)|We will Rock You (A powerbomb/senton combo)",
        "Belt": "WMA World Tag-Team Champions",
        "Awards": "RSPW World Tag-Team Champions|BWE World Tag-Team Champions (2x)|WMA World Tag-Team Champions|#1 Ranked Male Tag-Team, February 2022|#1 Ranked Male Tag-Team, March 2022 (2)"
    },
    {
        "Name": "Black Cross",
        "Wins": "0",
        "Losses": "0",
        "Draws": "0",
        "Status": "Inactive",
        "Division": "3",
        "Location": "United States",
        "Weight": "536",
        "Alignment": "Face",
        "Music": "",
        "Members": "Malcolm Cross|Rage Blackwolf",
        "Faction": "",
        "Manager": "",
        "Moves": "Hellbound (Spiked piledriver)",
        "Belt": "",
        "Awards": ""
    },
    {
        "Name": "Leaders Not Followers",
        "Wins": "0",
        "Losses": "0",
        "Draws": "0",
        "Status": "Inactive",
        "Division": "3",
        "Location": "United States",
        "Weight": "418",
        "Alignment": "Heel",
        "Music": "",
        "Members": "Jim Brady|Rob Johnson",
        "Faction": "",
        "Manager": "",
        "Moves": "",
        "Belt": "",
        "Awards": ""
    },
    {
        "Name": "Leather Angels",
        "Wins": "0",
        "Losses": "0",
        "Draws": "0",
        "Status": "Active",
        "Division": "4",
        "Location": "The Roads of Canada",
        "Weight": "277",
        "Alignment": "Heel",
        "Music": "&quot;1000 HP&quot; by Godsmack",
        "Members": "Carla Rivera|Jackie Scott",
        "Faction": "",
        "Manager": "Tracy Stern",
        "Moves": "Velocity (A powerplex)",
        "Belt": "",
        "Awards": ""
    },
    {
        "Name": "Golden Rule",
        "Wins": "0",
        "Losses": "0",
        "Draws": "0",
        "Status": "Retired",
        "Division": "3",
        "Location": "Hollywood",
        "Weight": "456",
        "Alignment": "Heel",
        "Music": "",
        "Members": "Alexander Midas|Bobby Biceps",
        "Faction": "",
        "Manager": "",
        "Moves": "Pure Gold (Midas executes the Golden Rule, followed by Biceps with the Golden Goose)",
        "Belt": "",
        "Awards": "",
        "Hide_From_Fan_Roster": false
    },
    {
        "Name": "Moon Ray",
        "Wins": "0",
        "Losses": "0",
        "Draws": "0",
        "Status": "Active",
        "Division": "4",
        "Location": "United States",
        "Weight": "134",
        "Alignment": "Neutral",
        "Music": "",
        "Members": "Moon Child|Tabitha Ray",
        "Faction": "",
        "Manager": "",
        "Moves": "",
        "Belt": "",
        "Awards": ""
    },
    {
        "Name": "Air America",
        "Wins": "0",
        "Losses": "0",
        "Draws": "0",
        "Status": "Active",
        "Division": "3",
        "Location": "The South, USA",
        "Weight": "381",
        "Alignment": "Face",
        "Music": "",
        "Members": "Robert Swanson|Zach Gordon",
        "Faction": "",
        "Manager": "",
        "Moves": "Emergency Landing",
        "Belt": "",
        "Awards": ""
    },
    {
        "Name": "Hot Shots",
        "Wins": "1",
        "Losses": "0",
        "Draws": "0",
        "Status": "Active",
        "Division": "4",
        "Location": "Texas",
        "Weight": "265",
        "Alignment": "Heel",
        "Music": "",
        "Members": "Abigail James|Danielle Marks",
        "Faction": "",
        "Manager": "",
        "Moves": "Flare Up (Elevated flatliner (Abigail)/Springboard enzuigiri (Danielle))|Red Alert (Snap suplex/Sliding forearm combo)|Flashpoint (A double basement dropkick)",
        "Belt": "",
        "Awards": "#1 Ranked Female Tag-Team, March 2022"
    },
    {
        "Name": "The Void",
        "Wins": "0",
        "Losses": "1",
        "Draws": "0",
        "Status": "Active",
        "Division": "3",
        "Location": "The Depths of Hell",
        "Weight": "590",
        "Alignment": "Heel",
        "Music": "&quot;Pray for Death&quot; by Iron Claw",
        "Members": "Luke Graves|Vincent Van Ives",
        "Faction": "The 7th Circle",
        "Manager": "",
        "Moves": "Ashes to Ashes (Spiked powerbomb)",
        "Belt": "",
        "Awards": "4x Former World Tag-Team Champions"
    },
    {
        "Name": "Short Fuse",
        "Wins": "0",
        "Losses": "0",
        "Draws": "0",
        "Status": "Active",
        "Division": "4",
        "Location": "",
        "Weight": "202",
        "Alignment": "Face",
        "Music": "",
        "Members": "Desiree Maxwell|Samantha Cannon",
        "Faction": "",
        "Manager": "",
        "Moves": "",
        "Belt": "",
        "Awards": ""
    },
    {
        "Name": "Lucha Cartel",
        "Wins": "0",
        "Losses": "0",
        "Draws": "0",
        "Status": "Active",
        "Division": "3",
        "Location": "Mexico City, Mexico",
        "Weight": "387",
        "Alignment": "Heel",
        "Music": "",
        "Members": "Manuel Espinoza|Porfirio Rosario",
        "Faction": "",
        "Manager": "",
        "Moves": "",
        "Belt": "",
        "Awards": ""
    },
    {
        "Name": "SHEros",
        "Wins": "0",
        "Losses": "0",
        "Draws": "0",
        "Status": "Active",
        "Division": "4",
        "Location": "",
        "Weight": "292",
        "Alignment": "Face",
        "Music": "",
        "Members": "Piper Pepper|Heather Kent",
        "Faction": "",
        "Manager": "",
        "Moves": "Anti-Kryptonite (A high-low - Pepper strikes high while Heather hits the legs)|Dynamic Duo (Pepper with a spinebuster followed by a 360 splash from Kent)",
        "Belt": "",
        "Awards": ""
    },
    {
        "Name": "Apex Predators",
        "Wins": "0",
        "Losses": "0",
        "Draws": "0",
        "Status": "Active",
        "Division": "3",
        "Location": "Perth, Australia",
        "Weight": "460",
        "Alignment": "Heel",
        "Music": "&quot;The Hunt is On&quot; by Iron Claw",
        "Members": "Troy Stone|Reed Cutter",
        "Faction": "",
        "Manager": "Evander Flagg",
        "Moves": "Survival Instinct (Dragon sleeper from Cutter/running big boot from Stone)|The Great Hunt (spinebuster from Cutter, running knee strike from Stone)|Predator's Snare (Bearhug from Cutter/flying elbow smash from Stone)",
        "Belt": "",
        "Awards": ""
    },
    {
        "Name": "Rough Riders",
        "Wins": "0",
        "Losses": "0",
        "Draws": "0",
        "Status": "Active",
        "Division": "3",
        "Location": "Waycross, Georgia",
        "Weight": "517",
        "Alignment": "Neutral",
        "Music": "",
        "Members": "Boon Ford|Buck Ford",
        "Faction": "",
        "Manager": "",
        "Moves": "",
        "Belt": "",
        "Awards": "BWE World Tag-Team Champions (4x)|RSPW World Tag-Team Champions"
    },
    {
        "Name": "Imperial Warpath",
        "Wins": "0",
        "Losses": "0",
        "Draws": "0",
        "Status": "Active",
        "Division": "3",
        "Location": "United Kingdom",
        "Weight": "571",
        "Alignment": "Heel",
        "Music": "",
        "Members": "Dominic Black|Hugo Royce",
        "Faction": "",
        "Manager": "",
        "Moves": "Public Execution (Backdrop driver/running big boot combo)|Throne Breaker (Torture rack/knee strike combo)",
        "Belt": "",
        "Awards": "BWE World Tag-Team Champions (2x)"
    },
    {
        "Name": "Reckless Ambition",
        "Wins": "0",
        "Losses": "0",
        "Draws": "0",
        "Status": "Active",
        "Division": "4",
        "Location": "United States",
        "Weight": "278",
        "Alignment": "Neutral",
        "Music": "",
        "Members": "Brianna Caldwell|Cassidy Quinn",
        "Faction": "",
        "Manager": "",
        "Moves": "Shutdown Sequence (Superkick/spinebuster combo)|The Hard Way (Spiked DDT)",
        "Belt": "",
        "Awards": ""
    },
    {
        "Name": "Pacific Divide",
        "Wins": "0",
        "Losses": "0",
        "Draws": "0",
        "Status": "Active",
        "Division": "3",
        "Location": "",
        "Weight": "399",
        "Alignment": "Face",
        "Music": "",
        "Members": "Danny Whitlock|Kaito Tanaka",
        "Faction": "",
        "Manager": "",
        "Moves": "Turbulence (Assisted moonsault slam)|Wirlwind Strike (Spinning Backfist / Spinning Heel Kick)",
        "Belt": "",
        "Awards": ""
    },
    {
        "Name": "The BoardWalkers",
        "Wins": "0",
        "Losses": "0",
        "Draws": "0",
        "Status": "Active",
        "Division": "3",
        "Location": "Atlantic City, New Jersey",
        "Weight": "384",
        "Alignment": "Face",
        "Music": "",
        "Members": "Jason Walker|Rick Walker",
        "Faction": "",
        "Manager": "",
        "Moves": "Double Down (A superkick/German suplex combo)||Snake Eyes (Rick hits a backbreaker while Jason follows up with a diving knee drop to the chest)|The River Card (Rick executes a back suplex, followed with a frog splash from Jason)",
        "Belt": "",
        "Awards": ""
    },
    {
        "Name": "Rage and Destruction",
        "Wins": "0",
        "Losses": "0",
        "Draws": "0",
        "Status": "Active",
        "Division": "3",
        "Location": "United States",
        "Weight": "591",
        "Alignment": "Face",
        "Music": "&quot;Walk With Me In Hell&quot; by Lamb of God",
        "Members": "Johnny Destruction|Rage Blackwolf",
        "Faction": "",
        "Manager": "",
        "Moves": "The Final Nail (Pumphandle slam from Rage/running senton from Johnny)|Extinction Event (Spinebuster from Rage/running knee strike from Johnny)|Apocalyptic End (Powerbomb from Rage/diving clothesline from Johnny)",
        "Belt": "",
        "Awards": ""
    },
    {
        "Name": "The Masked Crushers",
        "Wins": "0",
        "Losses": "0",
        "Draws": "1",
        "Status": "Active",
        "Division": "7",
        "Location": "Undisclosed",
        "Weight": "419",
        "Alignment": "Tweener",
        "Music": "",
        "Members": "Crusher #1|Crusher #2",
        "Faction": "",
        "Manager": "",
        "Moves": "",
        "Awards": "",
        "Belt": ""
    },
    {
        "Name": "Da Bad News Baers",
        "Wins": "0",
        "Losses": "0",
        "Draws": "0",
        "Status": "Active",
        "Division": "7",
        "Location": "Salt Lake City, UT",
        "Weight": "399",
        "Alignment": "Heel",
        "Music": "",
        "Members": "Chris Baer|Eric Baer",
        "Faction": "",
        "Manager": "",
        "Moves": "",
        "Awards": "",
        "Belt": ""
    }
]