[
    {
        "sides": [
            [
                "Luke Graves",
                "Vincent Van Ives",
                "Riddick"
            ],
            [
                "Chris Davids",
                "John Blair",
                "Timothy Myers"
            ]
        ],
        "match_time": "",
        "match_championship": "",
        "winning_side_index": 1,
        "individual_results": {
            "Chris Davids": "Win",
            "John Blair": "Win",
            "Luke Graves": "Loss",
            "Riddick": "Loss",
            "Timothy Myers": "Win",
            "Vincent Van Ives": "Loss"
        },
        "team_results": {
            "Knightfall": "Win",
            "The Void": "Loss"
        },
        "sync_teams_to_individuals": true,
        "match_result": "Side 2 (Chris Davids, John Blair, Timothy Myers) wins",
        "winner_method": "pinfall",
        "match_result_display": "Knightfall (Chris Davids, John Blair), Timothy Myers def. The Void (Luke Graves, Vincent Van Ives), Riddick by pinfall",
        "match_visibility": {
            "hide_from_card": false,
            "hide_summary": false,
            "hide_result": false
        },
        "warnings": [],
        "match_class": "tag",
        "segment_position": 1,
        "match_id": "ecda7b0f-9d6b-443e-8ef1-d23daaf89d85"
    },
    {
        "sides": [
            [
                "Apalachi"
            ],
            [
                "Bobby Biceps"
            ],
            [
                "Michael King"
            ]
        ],
        "match_time": "5:54",
        "match_championship": "",
        "winning_side_index": 0,
        "individual_results": {
            "Apalachi": "Win",
            "Michael King": "Loss",
            "Bobby Biceps": "No Contest"
        },
        "team_results": {},
        "sync_teams_to_individuals": true,
        "match_result": "Side 1 (Apalachi) wins",
        "winner_method": "submission",
        "match_result_display": "Apalachi def. Bobby Biceps, Michael King by submission (5:54)",
        "match_visibility": {
            "hide_from_card": false,
            "hide_summary": false,
            "hide_result": false
        },
        "warnings": [],
        "match_class": "singles",
        "match_id": "1a63f6be-8764-4520-8132-171a8dc79286",
        "segment_position": 2
    },
    {
        "sides": [
            [
                "Abigail James",
                "Danielle Marks",
                "Jessica James"
            ],
            [
                "Dana Diamond",
                "Kiara Haddad",
                "Anastasia Phoenix"
            ]
        ],
        "match_time": "11:12",
        "match_championship": "",
        "winning_side_index": 0,
        "individual_results": {
            "Abigail James": "Win",
            "Anastasia Phoenix": "Win",
            "Dana Diamond": "Loss",
            "Danielle Marks": "Win",
            "Jessica James": "Win",
            "Kiara Haddad": "Loss"
        },
        "team_results": {
            "Diamond Princesses": "Loss",
            "Hot Shots": "Win"
        },
        "sync_teams_to_individuals": true,
        "match_result": "Side 1 (Abigail James, Danielle Marks, Jessica James) wins",
        "winner_method": "pinfall",
        "match_result_display": "Hot Shots (Abigail James, Danielle Marks), Jessica James def. Diamond Princesses (Dana Diamond, Kiara Haddad), Anastasia Phoenix by pinfall (11:12)",
        "match_visibility": {
            "hide_from_card": false,
            "hide_summary": false,
            "hide_result": false
        },
        "warnings": [
            "Wrestler 'Anastasia Phoenix' on a non-winning side has result 'Win'."
        ],
        "match_class": "tag",
        "segment_position": 3,
        "match_id": "d21ef48c-8747-4622-92b3-e2f67ba6ebfe"
    }
]