[
    {
        "position": 1,
        "type": "Match",
        "header": "Singles Match",
        "match_id": "ea773772-8e38-4bad-aef3-925a7b8ef1b4",
        "participants_display": "Don Real vs Extreme Randy",
        "sides": [
            [
                "Don Real"
            ],
            [
                "Extreme Randy"
            ]
        ],
        "match_result": "Side 2 (Extreme Randy) wins",
        "match_result_display": "Extreme Randy def. Don Real by pinfall (04:21)",
        "summary_file": "/home/gary/wma/includes/tmp/mayhem-2/match_singles-match_1.md"
    },
    {
        "position": 2,
        "type": "Match",
        "header": "Singles Match",
        "match_id": "bbea2bf4-6c48-4d53-adc5-ecaa4d536253",
        "participants_display": "Cora Quinn vs Mandy Matthews",
        "sides": [
            [
                "Cora Quinn"
            ],
            [
                "Mandy Matthews"
            ]
        ],
        "match_result": "Side 2 (Mandy Matthews) wins",
        "match_result_display": "Mandy Matthews def. Cora Quinn by pinfall (06:52)",
        "summary_file": "/home/gary/wma/includes/tmp/mayhem-2/match_singles-match_2.md"
    },
    {
        "position": 3,
        "type": "Match",
        "header": "Singles Match",
        "match_id": "76220282-c305-40fd-9a2f-e2a702e7a278",
        "participants_display": "Amber Sloane vs Amy D",
        "sides": [
            [
                "Amber Sloane"
            ],
            [
                "Amy D"
            ]
        ],
        "match_result": "Side 1 (Amber Sloane) wins",
        "match_result_display": "Amber Sloane def. Amy D by pinfall (02:48)",
        "summary_file": "/home/gary/wma/includes/tmp/mayhem-2/match_singles-match_3.md"
    },
    {
        "position": 4,
        "type": "Match",
        "header": "Tag-Team Match",
        "match_id": "46fcdb74-be4d-4bf0-b832-89c16fe5e5d8",
        "participants_display": "Sacred Dragons vs Chris Baer, Eric Baer",
        "sides": [
            [
                "Purple Rime",
                "Red Mist"
            ],
            [
                "Chris Baer",
                "Eric Baer"
            ]
        ],
        "match_result": "Side 1 (Purple Rime, Red Mist) wins",
        "match_result_display": "Sacred Dragons (Purple Rime, Red Mist) def. Chris Baer, Eric Baer by pinfall (04:33)",
        "summary_file": "/home/gary/wma/includes/tmp/mayhem-2/match_tag-team-match_4.md"
    },
    {
        "position": 5,
        "type": "Interview",
        "header": "Interviews",
        "summary_file": "/home/gary/wma/includes/tmp/mayhem-2/interview_interviews_5.md"
    },
    {
        "position": 6,
        "type": "Match",
        "header": "Singles Match",
        "match_id": "a2c91e65-09c0-4c30-beed-da9d13891e6a",
        "participants_display": "Apalachi vs Bill Long",
        "sides": [
            [
                "Apalachi"
            ],
            [
                "Bill Long"
            ]
        ],
        "match_result": "Side 1 (Apalachi) wins",
        "match_result_display": "Apalachi def. Bill Long by pinfall (02:56)",
        "summary_file": "/home/gary/wma/includes/tmp/mayhem-2/match_singles-match_6.md"
    },
    {
        "position": 7,
        "type": "Interview",
        "header": "Interviews",
        "summary_file": "/home/gary/wma/includes/tmp/mayhem-2/interview_interviews_7.md"
    },
    {
        "position": 8,
        "type": "Match",
        "header": "Tag-Team Match",
        "match_id": "205e02b1-2ccd-4b74-9e36-c97919232b32",
        "participants_display": "Adrenaline vs Arsen, Missy Wallace",
        "sides": [
            [
                "Candice Whitehall",
                " Gina Cook"
            ],
            [
                "Arsen",
                "Missy Wallace"
            ]
        ],
        "match_result": "Side 1 (Candice Whitehall,  Gina Cook) wins",
        "match_result_display": "Adrenaline (Candice Whitehall,  Gina Cook) def. Arsen, Missy Wallace by pinfall (08:01)",
        "summary_file": "/home/gary/wma/includes/tmp/mayhem-2/match_tag-team-match_8.md"
    },
    {
        "position": 9,
        "type": "Match",
        "header": "Singles Match",
        "match_id": "e0a6d70c-907c-45d2-8888-1f3562d2197b",
        "participants_display": "Anastasia Phoenix vs Katy Kelly",
        "sides": [
            [
                "Anastasia Phoenix"
            ],
            [
                "Katy Kelly"
            ]
        ],
        "match_result": "Side 1 (Anastasia Phoenix) wins",
        "match_result_display": "Anastasia Phoenix def. Katy Kelly by pinfall (12:27)",
        "summary_file": "/home/gary/wma/includes/tmp/mayhem-2/match_singles-match_9.md"
    },
    {
        "position": 10,
        "type": "Interview",
        "header": "Interviews",
        "summary_file": "/home/gary/wma/includes/tmp/mayhem-2/interview_interviews_10.md"
    },
    {
        "position": 11,
        "type": "Match",
        "header": "Singles Match",
        "match_id": "b3c053b9-5821-4527-87af-fa23a4bfe044",
        "participants_display": "Fitzgerald vs Killian Brady",
        "sides": [
            [
                "Fitzgerald"
            ],
            [
                "Killian Brady"
            ]
        ],
        "match_result": "Side 1 (Fitzgerald) wins",
        "match_result_display": "Fitzgerald def. Killian Brady by pinfall (08:41)",
        "summary_file": "/home/gary/wma/includes/tmp/mayhem-2/match_singles-match_11.md"
    },
    {
        "position": 12,
        "type": "Promo",
        "header": "",
        "summary_file": "/home/gary/wma/includes/tmp/mayhem-2/promo_no-header_12.md"
    },
    {
        "position": 13,
        "type": "Match",
        "header": "Singles Match",
        "match_id": "c8e7f507-ec17-4592-b764-dbb3699eac91",
        "participants_display": "Joe Shore vs Johnny Destruction",
        "sides": [
            [
                "Joe Shore"
            ],
            [
                "Johnny Destruction"
            ]
        ],
        "match_result": "Side 2 (Johnny Destruction) wins",
        "match_result_display": "Johnny Destruction def. Joe Shore by submission (15:18)",
        "summary_file": "/home/gary/wma/includes/tmp/mayhem-2/match_singles-match_13.md"
    },
    {
        "position": 14,
        "type": "Match",
        "header": "Tag-Team Match",
        "match_id": "2866b7a0-2d93-4f46-be69-f03aeb2c7291",
        "participants_display": "Rated Extreme vs The Texas Badlanders",
        "sides": [
            [
                "&quot;The Monster&quot; Payne",
                "Max Dynamite"
            ],
            [
                "Frank Roberts",
                " Bill McGraw"
            ]
        ],
        "match_result": "Draw (Time limit)",
        "match_result_display": "Rated Extreme (&quot;The Monster&quot; Payne, Max Dynamite) vs The Texas Badlanders (Frank Roberts,  Bill McGraw) ended in a draw (time limit) (20:00)",
        "summary_file": "/home/gary/wma/includes/tmp/mayhem-2/match_tag-team-match_14.md"
    },
    {
        "position": 15,
        "type": "Interview",
        "header": "Happy Fitz",
        "summary_file": "/home/gary/wma/includes/tmp/mayhem-2/interview_happy-fitz_15.md"
    },
    {
        "position": 16,
        "type": "Match",
        "header": "Main Event",
        "match_id": "59766b2a-b481-4053-ba2a-9e2e6e5b7b28",
        "participants_display": "Alexi Chambers, Scott Ashton vs Jim Brady, Rick Walker",
        "sides": [
            [
                "Alexi Chambers",
                "Scott Ashton"
            ],
            [
                "Jim Brady",
                "Rick Walker"
            ]
        ],
        "match_result": "Side 2 (Jim Brady, Rick Walker) wins",
        "match_result_display": "Jim Brady, Rick Walker def. Alexi Chambers, Scott Ashton by pinfall (11:16)",
        "summary_file": "/home/gary/wma/includes/tmp/mayhem-2/match_main-event_16.md"
    }
]