[
    {
        "position": 100,
        "type": "Match",
        "header": "Dark Match",
        "participants_display": "Gretchen McGee, Molly Page vs Abigail James, Danielle Marks",
        "sides": [
            [
                "Gretchen McGee, Molly Page"
            ],
            [
                "Abigail James",
                "Danielle Marks"
            ]
        ],
        "match_result": "",
        "match_result_display": "",
        "match_id": "d3427171-b2a1-4d27-a80c-eade88bc5ee5",
        "summary_file": "/home/gary/wma/includes/tmp/mayhem-54/match_dark-match.md"
    },
    {
        "position": 101,
        "type": "Match",
        "header": "Dark Match",
        "participants_display": "Lenny Dennis vs Riddick",
        "sides": [
            [
                "Lenny Dennis"
            ],
            [
                "Riddick"
            ]
        ],
        "match_result": "Side 2 (Riddick) wins",
        "match_result_display": "Riddick def. Lenny Dennis by submission (02:55)",
        "match_id": "870f8fd9-3058-433a-b0e2-1bf4893b83ca",
        "summary_file": "/home/gary/wma/includes/tmp/mayhem-54/match_dark-match.md"
    },
    {
        "position": 102,
        "type": "Match",
        "header": "Dark Match",
        "participants_display": "KC Shore vs Tom Ham",
        "sides": [
            [
                "KC Shore"
            ],
            [
                "Tom Ham"
            ]
        ],
        "match_result": "Side 1 (KC Shore) wins",
        "match_result_display": "KC Shore def. Tom Ham by knockout (02:34)",
        "match_id": "825b6ed5-4f28-4788-b39c-fae6332fe995",
        "summary_file": "/home/gary/wma/includes/tmp/mayhem-54/match_dark-match.md"
    },
    {
        "position": 103,
        "type": "Match",
        "header": "Singles Match",
        "participants_display": "Texas Badlanders vs Walkers",
        "sides": [
            [
                "Texas Badlanders"
            ],
            [
                "Walkers"
            ]
        ],
        "match_result": "",
        "match_result_display": "",
        "match_id": "44f8a583-1ebc-463c-93c3-acc9c2f2923c",
        "summary_file": "/home/gary/wma/includes/tmp/mayhem-54/match_singles-match.md"
    },
    {
        "position": 104,
        "type": "Match",
        "header": "Tag-Team Match",
        "participants_display": "Amber Sloane, Tammy Terrel vs Desiree Maxwell, Samantha Cannon",
        "sides": [
            [
                "Amber Sloane",
                "Tammy Terrel"
            ],
            [
                "Desiree Maxwell",
                "Samantha Cannon"
            ]
        ],
        "match_result": "",
        "match_result_display": "",
        "match_id": "ca733fdb-90f6-4e65-830e-2026a9f14d4f",
        "summary_file": "/home/gary/wma/includes/tmp/mayhem-54/match_tag-team-match.md"
    },
    {
        "position": 105,
        "type": "Match",
        "header": "Wildcard Championship 3-Way Qualifier",
        "participants_display": "TBA",
        "sides": [
            [
                "TBA"
            ]
        ],
        "match_result": "",
        "match_result_display": "",
        "match_id": "a75adfc2-77e1-4de1-8c27-58ac9dda87cc",
        "summary_file": "/home/gary/wma/includes/tmp/mayhem-54/match_wildcard-championship-3-way-qualifier.md"
    },
    {
        "position": 106,
        "type": "Match",
        "header": "Interstate Championship Battle Royal Qualifier",
        "participants_display": "TBA",
        "sides": [
            [
                "TBA"
            ]
        ],
        "match_result": "",
        "match_result_display": "",
        "match_id": "c6ffb755-486d-42cc-9d6b-9cdec969a617",
        "summary_file": "/home/gary/wma/includes/tmp/mayhem-54/match_interstate-championship-battle-royal-qualifier.md"
    },
    {
        "position": 107,
        "type": "Match",
        "header": "Wildcard Championship 3-Way Qualifier",
        "participants_display": "TBA",
        "sides": [
            [
                "TBA"
            ]
        ],
        "match_result": "",
        "match_result_display": "",
        "match_id": "12e40e40-6071-44bb-9703-e38c14e56b2b",
        "summary_file": "/home/gary/wma/includes/tmp/mayhem-54/match_wildcard-championship-3-way-qualifier.md"
    },
    {
        "position": 108,
        "type": "Match",
        "header": "WMA World Tag-Team Championship",
        "participants_display": "Knightfall (Chris Davids, John Blair) vs Rough Riders (Boon Ford, Buck Ford)",
        "sides": [
            [
                "Knightfall (Chris Davids, John Blair)"
            ],
            [
                "Rough Riders (Boon Ford, Buck Ford)"
            ]
        ],
        "match_result": "Side 1 (Knightfall (Chris Davids, John Blair)) wins",
        "match_result_display": "Knightfall (Chris Davids, John Blair) def. Rough Riders (Boon Ford, Buck Ford) by pinfall (25:22)",
        "match_id": "02c1c53c-9315-4128-a5c3-213308d6d92c",
        "summary_file": "/home/gary/wma/includes/tmp/mayhem-54/match_wma-world-tag-team-championship.md"
    }
]