[
    {
        "position": 1,
        "type": "Match",
        "header": "Singles Match",
        "participants_display": "Apalachi vs Bobby Biceps",
        "sides": [
            [
                "Apalachi"
            ],
            [
                "Bobby Biceps"
            ]
        ],
        "match_result": "Side 1 (Apalachi) wins",
        "match_result_display": "Apalachi def. Bobby Biceps by submission (15:36)",
        "match_id": "cd361a3b-2608-48f7-8500-6ffbdadb7d98",
        "summary_file": "/home/gary/github/slamsim/includes/tmp/mayhem-13/match_singles-match_1.md"
    },
    {
        "position": 2,
        "type": "Match",
        "header": "Singles Match",
        "match_id": "1586041f-4289-4d49-9503-f3fcdb0077f5",
        "participants_display": "Anastasia Phoenix vs Mandy Matthews",
        "sides": [
            [
                "Anastasia Phoenix"
            ],
            [
                "Mandy Matthews"
            ]
        ],
        "match_result": "Side 1 (Anastasia Phoenix) wins",
        "match_result_display": "Anastasia Phoenix def. Mandy Matthews by pinfall (11:32)",
        "summary_file": "/home/gary/github/slamsim/includes/tmp/mayhem-13/match_singles-match_2.md"
    },
    {
        "position": 3,
        "type": "Match",
        "header": "Singles Match",
        "match_id": "8eea6255-4c75-4a4c-a3e9-0e796ef5dc82",
        "participants_display": "A.R.C.H.I.E. vs Bryan Danielson",
        "sides": [
            [
                "A.R.C.H.I.E."
            ],
            [
                "Bryan Danielson"
            ]
        ],
        "match_result": "Side 1 (A.R.C.H.I.E.) wins",
        "match_result_display": "A.R.C.H.I.E. def. Bryan Danielson by KO (8:00)",
        "summary_file": "/home/gary/github/slamsim/includes/tmp/mayhem-13/match_singles-match_3.md"
    },
    {
        "position": 4,
        "type": "Match",
        "header": "Singles Match",
        "participants_display": "Adrian Waters vs Brandon Rivers",
        "sides": [
            [
                "Adrian Waters"
            ],
            [
                "Brandon Rivers"
            ]
        ],
        "match_result": "Side 1 (Adrian Waters) wins",
        "match_result_display": "Adrian Waters def. Brandon Rivers by pinfall (05:34)",
        "match_id": "ca829f7c-530f-4828-a281-730e6ddffc72",
        "summary_file": "/home/gary/github/slamsim/includes/tmp/mayhem-13/match_singles-match_4.md"
    },
    {
        "position": 5,
        "type": "Video Package",
        "header": "Advertisement",
        "summary_file": "/home/gary/github/slamsim/includes/tmp/mayhem-13/video-package_advertisement_5.md"
    },
    {
        "position": 6,
        "type": "Interview",
        "header": "Fox",
        "summary_file": "/home/gary/github/slamsim/includes/tmp/mayhem-13/interview_fox_6.md"
    },
    {
        "position": 7,
        "type": "Match",
        "header": "Singles Match",
        "participants_display": "Apryl Raser vs Charlotte Flair",
        "sides": [
            [
                "Apryl Raser"
            ],
            [
                "Charlotte Flair"
            ]
        ],
        "match_result": "Side 1 (Apryl Raser) wins",
        "match_result_display": "Apryl Raser def. Charlotte Flair by pinfall (21:20)",
        "match_id": "bf50a7a4-7719-40dc-9a56-5743dee9c163",
        "summary_file": "/home/gary/github/slamsim/includes/tmp/mayhem-13/match_singles-match_7.md"
    }
]