[
    {
        "position": 1,
        "type": "Match",
        "header": "Dark Match",
        "participants_display": "Max Dynamite vs Tom Ham",
        "sides": [
            [
                "Max Dynamite"
            ],
            [
                "Tom Ham"
            ]
        ],
        "match_result": "Side 1 (Max Dynamite) wins",
        "match_result_display": "Max Dynamite def. Tom Ham by pinfall (01:50)",
        "match_id": "fae7b608-7529-431e-8960-34056b4bcc19",
        "summary_file": "/home/gary/wma/includes/tmp/mayhem-31/match_dark-match.md"
    },
    {
        "position": 2,
        "type": "Match",
        "header": "Dark Match",
        "participants_display": "Mackenzie Henson vs Mandy Matthews",
        "sides": [
            [
                "Mackenzie Henson"
            ],
            [
                "Mandy Matthews"
            ]
        ],
        "match_result": "Side 2 (Mandy Matthews) wins",
        "match_result_display": "Mandy Matthews def. Mackenzie Henson by submission (04:22)",
        "match_id": "cbf7afc0-913c-42f7-b27b-8a3d0a6690c8",
        "summary_file": "/home/gary/wma/includes/tmp/mayhem-31/match_dark-match.md"
    },
    {
        "position": 3,
        "type": "Match",
        "header": "Dark Match",
        "participants_display": "The California Connection vs Lashay Cass, Margaret Philips",
        "sides": [
            [
                "The California Connection"
            ],
            [
                "Lashay Cass, Margaret Philips"
            ]
        ],
        "match_result": "Side 1 (The California Connection) wins",
        "match_result_display": "The California Connection def. Lashay Cass, Margaret Philips by pinfall (03:29)",
        "match_id": "e2e7d007-9e56-49ec-93af-7ee9a40144ea",
        "summary_file": "/home/gary/wma/includes/tmp/mayhem-31/match_dark-match.md"
    },
    {
        "position": 4,
        "type": "Match",
        "header": "Dark Match",
        "participants_display": "Corey Moore vs Scott Ashton",
        "sides": [
            [
                "Corey Moore"
            ],
            [
                "Scott Ashton"
            ]
        ],
        "match_result": "Side 2 (Scott Ashton) wins",
        "match_result_display": "Scott Ashton def. Corey Moore by pinfall (00:41)",
        "match_id": "4230ac69-7617-4020-889b-8e9a2734807d",
        "summary_file": "/home/gary/wma/includes/tmp/mayhem-31/match_dark-match.md"
    },
    {
        "position": 5,
        "type": "Match",
        "header": "Dark Match",
        "participants_display": "Diamond Princesses (Anastasia Phoenix, Kiara Haddad) vs Erica Lewis, Janet Pitman",
        "sides": [
            [
                "Diamond Princesses (Anastasia Phoenix, Kiara Haddad)"
            ],
            [
                "Erica Lewis, Janet Pitman"
            ]
        ],
        "match_result": "Side 1 (Diamond Princesses (Anastasia Phoenix, Kiara Haddad)) wins",
        "match_result_display": "Diamond Princesses (Anastasia Phoenix, Kiara Haddad) def. Erica Lewis, Janet Pitman by pinfall (05:52)",
        "match_id": "d2b8adb2-dae5-4dd8-8e18-5699ef3f1f5b",
        "summary_file": "/home/gary/wma/includes/tmp/mayhem-31/match_dark-match.md"
    },
    {
        "position": 6,
        "type": "Match",
        "header": "Singles Match",
        "participants_display": "Katy Kelly vs Officer Cass Evans",
        "sides": [
            [
                "Katy Kelly"
            ],
            [
                "Officer Cass Evans"
            ]
        ],
        "match_result": "Side 1 (Katy Kelly) wins",
        "match_result_display": "Katy Kelly def. Officer Cass Evans by pinfall (07:27)",
        "match_id": "1a490334-d4fc-41b8-b06d-4100d4d3b9dd",
        "summary_file": "/home/gary/wma/includes/tmp/mayhem-31/match_singles-match.md"
    },
    {
        "position": 7,
        "type": "Match",
        "header": "Tag-Team Match",
        "participants_display": "Jim Brady, Rob Johnson vs Joe Shore, TJ Valentine",
        "sides": [
            [
                "Jim Brady",
                "Rob Johnson"
            ],
            [
                "Joe Shore",
                "TJ Valentine"
            ]
        ],
        "match_result": "",
        "match_result_display": "",
        "match_id": "45d9a87f-64d2-40aa-a0d1-6f2a700f935d",
        "summary_file": "/home/gary/wma/includes/tmp/mayhem-31/match_tag-team-match.md"
    },
    {
        "position": 8,
        "type": "Match",
        "header": "Singles Match",
        "participants_display": "Dana Diamond vs Jessica James",
        "sides": [
            [
                "Dana Diamond"
            ],
            [
                "Jessica James"
            ]
        ],
        "match_result": "Side 2 (Jessica James) wins",
        "match_result_display": "Jessica James def. Dana Diamond by pinfall (14:18)",
        "match_id": "296dab84-b911-4146-bb8b-4f8a08b7c20d",
        "summary_file": "/home/gary/wma/includes/tmp/mayhem-31/match_singles-match.md"
    },
    {
        "position": 9,
        "type": "Match",
        "header": "Grudge Match",
        "participants_display": "Noah Brady vs Purple Rime",
        "sides": [
            [
                "Noah Brady"
            ],
            [
                "Purple Rime"
            ]
        ],
        "match_result": "Side 1 (Noah Brady) wins",
        "match_result_display": "Noah Brady def. Purple Rime by disqualification (08:00)",
        "match_id": "05d2e4ae-5cdf-4331-976b-beaa24826922",
        "summary_file": "/home/gary/wma/includes/tmp/mayhem-31/match_grudge-match.md"
    },
    {
        "position": 10,
        "type": "Match",
        "header": "Singles Match",
        "participants_display": "Apalachi vs Bobby Biceps",
        "sides": [
            [
                "Apalachi"
            ],
            [
                "Bobby Biceps"
            ]
        ],
        "match_result": "Side 1 (Apalachi) wins",
        "match_result_display": "Apalachi def. Bobby Biceps by pinfall (12:11)",
        "match_id": "85a4ab6c-5a64-4a3d-9828-540ce1b3d5f2",
        "summary_file": "/home/gary/wma/includes/tmp/mayhem-31/match_singles-match.md"
    },
    {
        "position": 11,
        "type": "Match",
        "header": "Main Event - WMA Television Championship",
        "participants_display": "Johnny Destruction (c) vs Fitzgerald",
        "sides": [
            [
                "Johnny Destruction (c)"
            ],
            [
                "Fitzgerald"
            ]
        ],
        "match_result": "Side 2 (Fitzgerald) wins",
        "match_result_display": "Fitzgerald def. Johnny Destruction (c) by pinfall (09:41)",
        "match_id": "d1589290-67fa-4c68-895b-e5c8b682a98d",
        "summary_file": "/home/gary/wma/includes/tmp/mayhem-31/match_main-event-wma-television-championship.md"
    }
]