[
    {
        "position": 1,
        "type": "Match",
        "header": "Dark Match",
        "participants_display": "Killian Brady, Noah Brady vs Donald Thompson, Patrick Bailey",
        "sides": [
            [
                "Killian Brady",
                "Noah Brady"
            ],
            [
                "Donald Thompson, Patrick Bailey"
            ]
        ],
        "match_result": "",
        "match_result_display": "",
        "match_id": "94145494-ec8e-4cd3-b40c-64e7607ecfe6",
        "summary_file": "/home/gary/wma/includes/tmp/mayhem-36/match_dark-match.md"
    },
    {
        "position": 2,
        "type": "Match",
        "header": "Dark Match",
        "participants_display": "Jessica James vs Molly Page",
        "sides": [
            [
                "Jessica James"
            ],
            [
                "Molly Page"
            ]
        ],
        "match_result": "Side 1 (Jessica James) wins",
        "match_result_display": "Jessica James def. Molly Page by pinfall (03:14)",
        "match_id": "f4c5087d-7f1d-446e-9275-1a8e04007dd7",
        "summary_file": "/home/gary/wma/includes/tmp/mayhem-36/match_dark-match.md"
    },
    {
        "position": 3,
        "type": "Match",
        "header": "Dark Match",
        "participants_display": "Darla West vs Katy Kelly",
        "sides": [
            [
                "Darla West"
            ],
            [
                "Katy Kelly"
            ]
        ],
        "match_result": "Side 2 (Katy Kelly) wins",
        "match_result_display": "Katy Kelly def. Darla West by pinfall (01:16)",
        "match_id": "6da6b12a-df65-4127-b454-523c5c7e73a9",
        "summary_file": "/home/gary/wma/includes/tmp/mayhem-36/match_dark-match.md"
    },
    {
        "position": 4,
        "type": "Match",
        "header": "Tag-Team Match",
        "participants_display": "Chris Davids, John Blair vs Jim Brady, Rob Johnson",
        "sides": [
            [
                "Chris Davids",
                "John Blair"
            ],
            [
                "Jim Brady",
                "Rob Johnson"
            ]
        ],
        "match_result": "",
        "match_result_display": "",
        "match_id": "568dfd2c-c18e-41e3-b6da-68fd6218eaa2",
        "summary_file": "/home/gary/wma/includes/tmp/mayhem-36/match_tag-team-match.md"
    },
    {
        "position": 5,
        "type": "Match",
        "header": "Singles Match",
        "participants_display": "Max Dynamite vs Riddick",
        "sides": [
            [
                "Max Dynamite"
            ],
            [
                "Riddick"
            ]
        ],
        "match_result": "Side 2 (Riddick) wins",
        "match_result_display": "Riddick def. Max Dynamite by pinfall (11:02)",
        "match_id": "9957c4f0-9213-4870-b4da-88a651131e9b",
        "summary_file": "/home/gary/wma/includes/tmp/mayhem-36/match_singles-match.md"
    },
    {
        "position": 6,
        "type": "Match",
        "header": "Six-Woman Tag-Team Match",
        "participants_display": "Anastasia Phoenix, Officer Cass Evans, Piper Pepper vs Elena Sanchez, Tabitha Ray, Tammy Terrel",
        "sides": [
            [
                "Anastasia Phoenix",
                "Officer Cass Evans",
                "Piper Pepper"
            ],
            [
                "Elena Sanchez",
                "Tabitha Ray",
                "Tammy Terrel"
            ]
        ],
        "match_result": "Side 2 (Elena Sanchez, Tabitha Ray, Tammy Terrel) wins",
        "match_result_display": "Elena Sanchez, Tabitha Ray, Tammy Terrel def. Anastasia Phoenix, Officer Cass Evans, Piper Pepper by pinfall (08:57)",
        "match_id": "a3d7b147-e0e7-4dd0-97fb-cb6bcc1d971b",
        "summary_file": "/home/gary/wma/includes/tmp/mayhem-36/match_six-woman-tag-team-match.md"
    },
    {
        "position": 7,
        "type": "Match",
        "header": "Special Match",
        "participants_display": "Jamey Kingston, Michael King vs The Walkers",
        "sides": [
            [
                "Jamey Kingston",
                "Michael King"
            ],
            [
                "The Walkers"
            ]
        ],
        "match_result": "",
        "match_result_display": "",
        "match_id": "4f01afab-1fb7-4289-9ddf-488dfc0fe2ea",
        "summary_file": "/home/gary/wma/includes/tmp/mayhem-36/match_special-match.md"
    },
    {
        "position": 8,
        "type": "Match",
        "header": "Singles Match",
        "participants_display": "Malcolm Cross vs \"The Monster\" Payne",
        "sides": [
            [
                "Malcolm Cross"
            ],
            [
                "\"The Monster\" Payne"
            ]
        ],
        "match_result": "Side 1 (Malcolm Cross) wins",
        "match_result_display": "Malcolm Cross def. \"The Monster\" Payne by pinfall (07:22)",
        "match_id": "c9e5a2fe-4d1e-45b6-bdb0-64a8338dde89",
        "summary_file": "/home/gary/wma/includes/tmp/mayhem-36/match_singles-match.md"
    },
    {
        "position": 9,
        "type": "Match",
        "header": "Main Event - WMA Tag-Team Championship",
        "participants_display": "The Texas Badlanders (c) vs Mad Dog Bark, Mad Dog Bite",
        "sides": [
            [
                "The Texas Badlanders (c)"
            ],
            [
                "Mad Dog Bark",
                "Mad Dog Bite"
            ]
        ],
        "match_result": "",
        "match_result_display": "",
        "match_id": "4fd7b791-10d0-4a2b-89c7-79e266f9047b",
        "summary_file": "/home/gary/wma/includes/tmp/mayhem-36/match_main-event-wma-tag-team-championship.md"
    }
]