[
    {
        "position": 1,
        "type": "Match",
        "header": "Dark Match",
        "participants_display": "Jim Brady, Rob Johnson vs Corey Moore, Patrick Bailey",
        "sides": [
            [
                "Jim Brady",
                "Rob Johnson"
            ],
            [
                "Corey Moore, Patrick Bailey"
            ]
        ],
        "match_result": "",
        "match_result_display": "",
        "match_id": "ca0c3775-1736-4e18-a695-948d67681aee",
        "summary_file": "/home/gary/wma/includes/tmp/mayhem-38/match_dark-match.md"
    },
    {
        "position": 2,
        "type": "Match",
        "header": "Dark Match",
        "participants_display": "Cora Quinn vs Mandy Matthews",
        "sides": [
            [
                "Cora Quinn"
            ],
            [
                "Mandy Matthews"
            ]
        ],
        "match_result": "Side 2 (Mandy Matthews) wins",
        "match_result_display": "Mandy Matthews def. Cora Quinn by submission (03:01)",
        "match_id": "5e95a4a7-ecc3-4595-986f-ddea6ee0059a",
        "summary_file": "/home/gary/wma/includes/tmp/mayhem-38/match_dark-match.md"
    },
    {
        "position": 3,
        "type": "Match",
        "header": "Dark Match",
        "participants_display": "Da Bad News Baers vs Mad Dog Bark, Mad Dog Bite",
        "sides": [
            [
                "Da Bad News Baers"
            ],
            [
                "Mad Dog Bark",
                "Mad Dog Bite"
            ]
        ],
        "match_result": "",
        "match_result_display": "",
        "match_id": "1e0af856-a1fb-4156-bc86-fbb1099b0cf9",
        "summary_file": "/home/gary/wma/includes/tmp/mayhem-38/match_dark-match.md"
    },
    {
        "position": 4,
        "type": "Match",
        "header": "Dark Match",
        "participants_display": "Robert Swanson, Zach Gordon vs Doug Garner, Fred Lambert",
        "sides": [
            [
                "Robert Swanson",
                "Zach Gordon"
            ],
            [
                "Doug Garner, Fred Lambert"
            ]
        ],
        "match_result": "",
        "match_result_display": "",
        "match_id": "55d6565c-3de6-441c-847c-81e11a9fa7a3",
        "summary_file": "/home/gary/wma/includes/tmp/mayhem-38/match_dark-match.md"
    },
    {
        "position": 5,
        "type": "Match",
        "header": "Singles Match",
        "participants_display": "The Anderson Sisters vs The Hot Shots (Abigail James, Danielle Marks)",
        "sides": [
            [
                "The Anderson Sisters"
            ],
            [
                "The Hot Shots (Abigail James, Danielle Marks)"
            ]
        ],
        "match_result": "Side 2 (The Hot Shots (Abigail James, Danielle Marks)) wins",
        "match_result_display": "The Hot Shots (Abigail James, Danielle Marks) def. The Anderson Sisters by pinfall (04:31)",
        "match_id": "52fcd2d3-36b3-468c-a59e-681604a156f6",
        "summary_file": "/home/gary/wma/includes/tmp/mayhem-38/match_singles-match.md"
    },
    {
        "position": 6,
        "type": "Match",
        "header": "Special Match",
        "participants_display": "Happy Jack, Happy Sam vs The Walkers",
        "sides": [
            [
                "Happy Jack",
                "Happy Sam"
            ],
            [
                "The Walkers"
            ]
        ],
        "match_result": "",
        "match_result_display": "",
        "match_id": "36a54a57-b838-4433-b309-6f36fa9effaa",
        "summary_file": "/home/gary/wma/includes/tmp/mayhem-38/match_special-match.md"
    },
    {
        "position": 7,
        "type": "Match",
        "header": "Singles Match",
        "participants_display": "\"Wild\" Bill McGraw vs Rage Blackwolf",
        "sides": [
            [
                "\"Wild\" Bill McGraw"
            ],
            [
                "Rage Blackwolf"
            ]
        ],
        "match_result": "Side 2 (Rage Blackwolf) wins",
        "match_result_display": "Rage Blackwolf def. \"Wild\" Bill McGraw by pinfall (12:45)",
        "match_id": "94da543d-0135-4b41-abdb-6a3d0e8b67a3",
        "summary_file": "/home/gary/wma/includes/tmp/mayhem-38/match_singles-match.md"
    },
    {
        "position": 8,
        "type": "Match",
        "header": "Singles Match",
        "participants_display": "Extreme Randy vs Johnny Destruction",
        "sides": [
            [
                "Extreme Randy"
            ],
            [
                "Johnny Destruction"
            ]
        ],
        "match_result": "Side 2 (Johnny Destruction) wins",
        "match_result_display": "Johnny Destruction def. Extreme Randy by pinfall (03:34)",
        "match_id": "236df2ec-592d-417f-a352-eb77ba26a0b3",
        "summary_file": "/home/gary/wma/includes/tmp/mayhem-38/match_singles-match.md"
    },
    {
        "position": 9,
        "type": "Match",
        "header": "Singles Match",
        "participants_display": "Jackie Scott vs Tabitha Ray",
        "sides": [
            [
                "Jackie Scott"
            ],
            [
                "Tabitha Ray"
            ]
        ],
        "match_result": "Side 1 (Jackie Scott) wins",
        "match_result_display": "Jackie Scott def. Tabitha Ray by pinfall (08:39)",
        "match_id": "475ef3cf-f8a0-423b-beb4-52503799b5f9",
        "summary_file": "/home/gary/wma/includes/tmp/mayhem-38/match_singles-match.md"
    },
    {
        "position": 10,
        "type": "Match",
        "header": "Six-Man Tag-Team Grudge Match",
        "participants_display": "Alexander Midas, Alexi Chambers, Bobby Biceps vs Chris Davids, John Blair, Timothy Myers",
        "sides": [
            [
                "Alexander Midas",
                "Alexi Chambers",
                "Bobby Biceps"
            ],
            [
                "Chris Davids",
                "John Blair",
                "Timothy Myers"
            ]
        ],
        "match_result": "Side 1 (Alexander Midas, Alexi Chambers, Bobby Biceps) wins",
        "match_result_display": "Alexander Midas, Alexi Chambers, Bobby Biceps def. Chris Davids, John Blair, Timothy Myers by pinfall (14:30)",
        "match_id": "b590ae8d-dae5-4c5c-91d9-f9f8af153e04",
        "summary_file": "/home/gary/wma/includes/tmp/mayhem-38/match_six-man-tag-team-grudge-match.md"
    },
    {
        "position": 11,
        "type": "Match",
        "header": "Main Event - Tag-Team Grudge Match",
        "participants_display": "Jamey Kingston, Michael King vs KC and Joe Shore",
        "sides": [
            [
                "Jamey Kingston",
                "Michael King"
            ],
            [
                "KC and Joe Shore"
            ]
        ],
        "match_result": "",
        "match_result_display": "",
        "match_id": "f3e200f3-f9a6-4d11-a0e4-8c36295b60f3",
        "summary_file": "/home/gary/wma/includes/tmp/mayhem-38/match_main-event-tag-team-grudge-match.md"
    }
]