[
    {
        "participants_display": "Missy Wallace vs Jessica James",
        "sides": [
            [
                "Missy Wallace"
            ],
            [
                "Jessica James"
            ]
        ],
        "match_time": "04:42",
        "match_championship": "",
        "match_class": "singles",
        "winning_side_index": 1,
        "individual_results": {
            "Missy Wallace": "Loss",
            "Jessica James": "Win"
        },
        "team_results": {},
        "sync_teams_to_individuals": true,
        "match_result": "Side 2 (Jessica James) wins",
        "winner_method": "submission",
        "match_result_display": "Jessica James def. Missy Wallace by submission (04:42)",
        "match_visibility": {
            "hide_from_card": true,
            "hide_summary": true,
            "hide_result": false
        },
        "warnings": [],
        "segment_position": 1,
        "match_id": "d1f1b265-8bd5-46ea-9a67-6506a5b444f0"
    },
    {
        "participants_display": "Autumn Chambers vs Heather Kent",
        "sides": [
            [
                "Autumn Chambers"
            ],
            [
                "Heather Kent"
            ]
        ],
        "match_time": "01:33",
        "match_championship": "",
        "match_class": "singles",
        "winning_side_index": 0,
        "individual_results": {
            "Autumn Chambers": "Win",
            "Heather Kent": "Loss"
        },
        "team_results": {},
        "sync_teams_to_individuals": true,
        "match_result": "Side 1 (Autumn Chambers) wins",
        "winner_method": "submission",
        "match_result_display": "Autumn Chambers def. Heather Kent by submission (01:33)",
        "match_visibility": {
            "hide_from_card": true,
            "hide_summary": true,
            "hide_result": false
        },
        "warnings": [],
        "segment_position": 2,
        "match_id": "0c14ad8b-bc91-4bd3-8299-a31f8557441e"
    },
    {
        "participants_display": "TJ Valentine vs Noel Jackson",
        "sides": [
            [
                "TJ Valentine"
            ],
            [
                "Noel Jackson"
            ]
        ],
        "match_time": "04:01",
        "match_championship": "",
        "match_class": "singles",
        "winning_side_index": 0,
        "individual_results": {
            "TJ Valentine": "Win",
            "Noel Jackson": "Loss"
        },
        "team_results": {},
        "sync_teams_to_individuals": true,
        "match_result": "Side 1 (TJ Valentine) wins",
        "winner_method": "pinfall",
        "match_result_display": "TJ Valentine def. Noel Jackson by pinfall (04:01)",
        "match_visibility": {
            "hide_from_card": true,
            "hide_summary": true,
            "hide_result": false
        },
        "warnings": [],
        "segment_position": 3,
        "match_id": "5a1376fe-77e0-44e5-98cc-30823b9a8786"
    },
    {
        "participants_display": "Michael King vs Lenny Dennis",
        "sides": [
            [
                "Michael King"
            ],
            [
                "Lenny Dennis"
            ]
        ],
        "match_time": "02:20",
        "match_championship": "",
        "match_class": "singles",
        "winning_side_index": 0,
        "individual_results": {
            "Michael King": "Win",
            "Lenny Dennis": "Loss"
        },
        "team_results": {},
        "sync_teams_to_individuals": true,
        "match_result": "Side 1 (Michael King) wins",
        "winner_method": "pinfall",
        "match_result_display": "Michael King def. Lenny Dennis by pinfall (02:20)",
        "match_visibility": {
            "hide_from_card": true,
            "hide_summary": true,
            "hide_result": false
        },
        "warnings": [],
        "segment_position": 4,
        "match_id": "f3a98b29-ee0f-44ed-a0cb-5e8343317faf"
    },
    {
        "participants_display": "The Hooligans vs Bill Long, Tom Ham",
        "sides": [
            [
                "Jason Walker",
                "Mike Wilson"
            ],
            [
                "Bill Long",
                "Tom Ham"
            ]
        ],
        "match_time": "03:15",
        "match_championship": "",
        "match_class": "tag",
        "winning_side_index": 0,
        "individual_results": {
            "Bill Long": "Loss",
            "Jason Walker": "Win",
            "Mike Wilson": "Win",
            "Tom Ham": "Loss"
        },
        "team_results": {
            "The Hooligans": "Win"
        },
        "sync_teams_to_individuals": true,
        "match_result": "Side 1 (Jason Walker, Mike Wilson) wins",
        "winner_method": "pinfall",
        "match_result_display": "The Hooligans (Jason Walker, Mike Wilson) def. Bill Long, Tom Ham by pinfall (03:15)",
        "match_visibility": {
            "hide_from_card": true,
            "hide_summary": true,
            "hide_result": false
        },
        "warnings": [],
        "segment_position": 5,
        "match_id": "1381a83c-aa5b-441e-9063-d4bcfcbe84b7"
    },
    {
        "participants_display": "Bobby Biceps vs Don Real",
        "sides": [
            [
                "Bobby Biceps"
            ],
            [
                "Don Real"
            ]
        ],
        "match_time": "03:32",
        "match_championship": "",
        "match_class": "singles",
        "winning_side_index": 0,
        "individual_results": {
            "Bobby Biceps": "Win",
            "Don Real": "Loss"
        },
        "team_results": {},
        "sync_teams_to_individuals": true,
        "match_result": "Side 1 (Bobby Biceps) wins",
        "winner_method": "submission",
        "match_result_display": "Bobby Biceps def. Don Real by submission (03:32)",
        "match_visibility": {
            "hide_from_card": false,
            "hide_summary": false,
            "hide_result": false
        },
        "warnings": [],
        "segment_position": 7,
        "match_id": "e559dd28-14f6-474a-b3b0-66a411660004"
    },
    {
        "participants_display": "Arsen vs Allison Katt",
        "sides": [
            [
                "Arsen"
            ],
            [
                "Allison Katt"
            ]
        ],
        "match_time": "08:41",
        "match_championship": "",
        "match_class": "singles",
        "winning_side_index": 1,
        "individual_results": {
            "Allison Katt": "Win",
            "Arsen": "Loss"
        },
        "team_results": {},
        "sync_teams_to_individuals": true,
        "match_result": "Side 2 (Allison Katt) wins",
        "winner_method": "submission",
        "match_result_display": "Allison Katt def. Arsen by submission (08:41)",
        "match_visibility": {
            "hide_from_card": false,
            "hide_summary": false,
            "hide_result": false
        },
        "warnings": [],
        "segment_position": 9,
        "match_id": "228229f4-ca6f-4d6d-9df8-5725ba80d5a9"
    },
    {
        "participants_display": "The Pumas vs Chris Baer, Eric Baer",
        "sides": [
            [
                "Killian Brady",
                "Noah Brady"
            ],
            [
                "Chris Baer",
                "Eric Baer"
            ]
        ],
        "match_time": "05:09",
        "match_championship": "",
        "match_class": "handicap",
        "winning_side_index": 0,
        "individual_results": {
            "Killian Brady": "Win",
            "Noah Brady": "Win",
            "Chris Baer": "Loss",
            "Eric Baer": "Loss"
        },
        "team_results": {
            "The Pumas": "Win"
        },
        "sync_teams_to_individuals": true,
        "match_result": "Side 1 (Killian Brady, Noah Brady) wins",
        "winner_method": "pinfall",
        "match_result_display": "The Pumas (Killian Brady, Noah Brady) def. Chris Baer, Eric Baer by pinfall (05:09)",
        "match_visibility": {
            "hide_from_card": false,
            "hide_summary": false,
            "hide_result": false
        },
        "warnings": [],
        "segment_position": 10,
        "match_id": "13ca2e6e-cd6a-40c3-a510-6416c1294fe0"
    },
    {
        "participants_display": "Diamond Princesses vs California Connection",
        "sides": [
            [
                "Dana Diamond",
                "Kiara Haddad",
                "Mandy Matthews"
            ],
            [
                "Amber Sloane",
                "Apryl Raser",
                "Tammy Terrel"
            ]
        ],
        "match_time": "17:42",
        "match_championship": "",
        "match_class": "trios",
        "winning_side_index": 1,
        "individual_results": {
            "Amber Sloane": "Win",
            "Apryl Raser": "Win",
            "Dana Diamond": "Loss",
            "Kiara Haddad": "Loss",
            "Mandy Matthews": "Loss",
            "Tammy Terrel": "Win"
        },
        "team_results": {
            "Diamond Princesses": "Loss",
            "California Connection": "Win"
        },
        "sync_teams_to_individuals": true,
        "match_result": "Side 2 (Amber Sloane, Apryl Raser, Tammy Terrel) wins",
        "winner_method": "pinfall",
        "match_result_display": "California Connection (Amber Sloane, Tammy Terrel), Apryl Raser def. Diamond Princesses (Dana Diamond, Kiara Haddad), Mandy Matthews by pinfall (17:42)",
        "match_visibility": {
            "hide_from_card": false,
            "hide_summary": false,
            "hide_result": false
        },
        "warnings": [],
        "segment_position": 11,
        "match_id": "5594cd35-2234-4f3f-978d-7c9cbdb2d476"
    },
    {
        "participants_display": "Extreme Randy vs Frank Roberts vs Jamey Kingston vs Max Dynamite vs Scott Ashton",
        "sides": [
            [
                "Extreme Randy"
            ],
            [
                "Frank Roberts"
            ],
            [
                "Jamey Kingston"
            ],
            [
                "Max Dynamite"
            ],
            [
                "Scott Ashton"
            ]
        ],
        "match_time": "27:10",
        "match_championship": "",
        "match_class": "singles",
        "winning_side_index": 2,
        "individual_results": {
            "Extreme Randy": "No Contest",
            "Frank Roberts": "No Contest",
            "Jamey Kingston": "Win",
            "Max Dynamite": "No Contest",
            "Scott Ashton": "No Contest"
        },
        "team_results": {},
        "sync_teams_to_individuals": true,
        "match_result": "Side 3 (Jamey Kingston) wins",
        "winner_method": "",
        "match_result_display": "Jamey Kingston def. Extreme Randy, Frank Roberts, Max Dynamite, Scott Ashton (27:10)",
        "match_visibility": {
            "hide_from_card": false,
            "hide_summary": false,
            "hide_result": false
        },
        "warnings": [],
        "segment_position": 12,
        "match_id": "211d8bcb-f844-4779-a46d-6ca06d886d98"
    },
    {
        "participants_display": "Rick Walker vs Apalachi",
        "sides": [
            [
                "Rick Walker"
            ],
            [
                "Apalachi"
            ]
        ],
        "match_time": "14:36",
        "match_championship": "",
        "match_class": "singles",
        "winning_side_index": 0,
        "individual_results": {
            "Apalachi": "Loss",
            "Rick Walker": "Win"
        },
        "team_results": {},
        "sync_teams_to_individuals": true,
        "match_result": "Side 1 (Rick Walker) wins",
        "winner_method": "pinfall",
        "match_result_display": "Rick Walker def. Apalachi by pinfall (14:36)",
        "match_visibility": {
            "hide_from_card": false,
            "hide_summary": false,
            "hide_result": false
        },
        "warnings": [],
        "segment_position": 13,
        "match_id": "d7e1ef79-5fc6-4d0a-b4b7-69e430dbe6de"
    },
    {
        "participants_display": "Johnny Destruction vs KC Shore",
        "sides": [
            [
                "Johnny Destruction"
            ],
            [
                "KC Shore"
            ]
        ],
        "match_time": "09:05",
        "match_championship": "",
        "match_class": "singles",
        "winning_side_index": 1,
        "individual_results": {
            "Johnny Destruction": "Loss",
            "KC Shore": "Win"
        },
        "team_results": {},
        "sync_teams_to_individuals": true,
        "match_result": "Side 2 (KC Shore) wins",
        "winner_method": "disqualification",
        "match_result_display": "KC Shore def. Johnny Destruction by disqualification (09:05)",
        "match_visibility": {
            "hide_from_card": false,
            "hide_summary": false,
            "hide_result": false
        },
        "warnings": [],
        "segment_position": 15,
        "match_id": "0cccc0e8-8b11-40d6-b69a-012f659cad86"
    },
    {
        "participants_display": "The Happy Faces vs Fitzgerald, Joe Shore",
        "sides": [
            [
                "Happy Jack",
                " Happy Sam"
            ],
            [
                "Fitzgerald",
                "Joe Shore"
            ]
        ],
        "match_time": "11:14",
        "match_championship": "",
        "match_class": "tag",
        "winning_side_index": 0,
        "individual_results": {
            "Fitzgerald": "Loss",
            "Happy Jack": "Win",
            "Joe Shore": "Loss",
            " Happy Sam": "Win"
        },
        "team_results": {
            "The Happy Faces": "Win"
        },
        "sync_teams_to_individuals": true,
        "match_result": "Side 1 (Happy Jack,  Happy Sam) wins",
        "winner_method": "pinfall",
        "match_result_display": "The Happy Faces (Happy Jack,  Happy Sam) def. Fitzgerald, Joe Shore by pinfall (11:14)",
        "match_visibility": {
            "hide_from_card": false,
            "hide_summary": false,
            "hide_result": false
        },
        "warnings": [],
        "segment_position": 16,
        "match_id": "518f9d4a-f5cb-48ce-8fcd-6e1f4c4ec79a"
    }
]