[
    {
        "participants_display": "Troy Stone, Reed Cutter vs Da Bad News Baers",
        "sides": [
            [
                "Troy Stone",
                "Reed Cutter"
            ],
            [
                "Da Bad News Baers"
            ]
        ],
        "match_time": "01:18",
        "match_championship": "",
        "match_class": "handicap",
        "winning_side_index": -1,
        "individual_results": {
            "Troy Stone": "No Contest",
            "Reed Cutter": "No Contest",
            "Da Bad News Baers": "No Contest"
        },
        "team_results": {
            "Apex Predators": "No Contest"
        },
        "sync_teams_to_individuals": true,
        "match_result": "",
        "winner_method": "pinfall",
        "match_result_display": "",
        "match_visibility": {
            "hide_from_card": true,
            "hide_summary": true,
            "hide_result": false
        },
        "warnings": [],
        "segment_position": 100,
        "match_id": "cfdd4356-a33c-49ac-9ce7-c6528f0a223e"
    },
    {
        "participants_display": "Anette Warner vs Mandy Matthews",
        "sides": [
            [
                "Anette Warner"
            ],
            [
                "Mandy Matthews"
            ]
        ],
        "match_time": "04:29",
        "match_championship": "",
        "match_class": "singles",
        "winning_side_index": 1,
        "individual_results": {
            "Anette Warner": "Loss",
            "Mandy Matthews": "Win"
        },
        "team_results": {},
        "sync_teams_to_individuals": true,
        "match_result": "Side 2 (Mandy Matthews) wins",
        "winner_method": "submission",
        "match_result_display": "Mandy Matthews def. Anette Warner by submission (04:29)",
        "match_visibility": {
            "hide_from_card": true,
            "hide_summary": true,
            "hide_result": false
        },
        "warnings": [],
        "segment_position": 101,
        "match_id": "46db2c77-addd-4390-af99-2546af99d451"
    },
    {
        "participants_display": "Pumas vs Corey Moore, Rick Soto",
        "sides": [
            [
                "Pumas"
            ],
            [
                "Corey Moore, Rick Soto"
            ]
        ],
        "match_time": "03:24",
        "match_championship": "",
        "match_class": "singles",
        "winning_side_index": -1,
        "individual_results": {
            "Pumas": "No Contest",
            "Corey Moore, Rick Soto": "No Contest"
        },
        "team_results": {},
        "sync_teams_to_individuals": true,
        "match_result": "",
        "winner_method": "pinfall",
        "match_result_display": "",
        "match_visibility": {
            "hide_from_card": true,
            "hide_summary": true,
            "hide_result": false
        },
        "warnings": [],
        "segment_position": 102,
        "match_id": "46840083-240e-4997-84b1-430d7ff7c3aa"
    },
    {
        "participants_display": "Amber Sloane, Tammy Terrel vs Dana Diamond, Kiara Haddad vs Piper Pepper, Heather Kent vs Desiree Maxwell, Samantha Cannon",
        "sides": [
            [
                "Amber Sloane",
                "Tammy Terrel"
            ],
            [
                "Dana Diamond",
                "Kiara Haddad"
            ],
            [
                "Piper Pepper",
                "Heather Kent"
            ],
            [
                "Desiree Maxwell",
                "Samantha Cannon"
            ]
        ],
        "match_time": "12:23",
        "match_championship": "",
        "match_class": "team-multi",
        "winning_side_index": -1,
        "individual_results": {
            "Amber Sloane": "No Contest",
            "Tammy Terrel": "No Contest",
            "Dana Diamond": "No Contest",
            "Kiara Haddad": "No Contest",
            "Piper Pepper": "No Contest",
            "Heather Kent": "No Contest",
            "Desiree Maxwell": "No Contest",
            "Samantha Cannon": "No Contest"
        },
        "team_results": {
            "California Connection": "No Contest",
            "Diamond Princesses": "No Contest",
            "SHEros": "No Contest",
            "Short Fuse": "No Contest"
        },
        "sync_teams_to_individuals": true,
        "match_result": "",
        "winner_method": "",
        "match_result_display": "",
        "match_visibility": {
            "hide_from_card": false,
            "hide_summary": false,
            "hide_result": false
        },
        "warnings": [],
        "segment_position": 103,
        "match_id": "77b17ff7-3de8-4486-9bf0-552a2d44de98"
    },
    {
        "participants_display": "Jim Brady vs Johnny Destruction",
        "sides": [
            [
                "Jim Brady"
            ],
            [
                "Johnny Destruction"
            ]
        ],
        "match_time": "08:53",
        "match_championship": "",
        "match_class": "singles",
        "winning_side_index": 1,
        "individual_results": {
            "Jim Brady": "Loss",
            "Johnny Destruction": "Win"
        },
        "team_results": {},
        "sync_teams_to_individuals": true,
        "match_result": "Side 2 (Johnny Destruction) wins",
        "winner_method": "pinfall",
        "match_result_display": "Johnny Destruction def. Jim Brady by pinfall (08:53)",
        "match_visibility": {
            "hide_from_card": true,
            "hide_summary": true,
            "hide_result": false
        },
        "warnings": [],
        "segment_position": 104,
        "match_id": "10d39808-88a1-48d0-b8ca-e8334552a2ab"
    },
    {
        "participants_display": "Adrian Waters vs Rick Walker",
        "sides": [
            [
                "Adrian Waters"
            ],
            [
                "Rick Walker"
            ]
        ],
        "match_time": "12:11",
        "match_championship": "",
        "match_class": "singles",
        "winning_side_index": 1,
        "individual_results": {
            "Adrian Waters": "Loss",
            "Rick Walker": "Win"
        },
        "team_results": {},
        "sync_teams_to_individuals": true,
        "match_result": "Side 2 (Rick Walker) wins",
        "winner_method": "pinfall",
        "match_result_display": "Rick Walker def. Adrian Waters by pinfall (12:11)",
        "match_visibility": {
            "hide_from_card": true,
            "hide_summary": true,
            "hide_result": false
        },
        "warnings": [],
        "segment_position": 105,
        "match_id": "cc9de111-bf05-4d30-b14a-9549e259abbd"
    },
    {
        "participants_display": "Garrison vs Johnny Destruction",
        "sides": [
            [
                "Garrison"
            ],
            [
                "Johnny Destruction"
            ]
        ],
        "match_time": "06:49",
        "match_championship": "",
        "match_class": "singles",
        "winning_side_index": 0,
        "individual_results": {
            "Garrison": "Win",
            "Johnny Destruction": "Loss"
        },
        "team_results": {},
        "sync_teams_to_individuals": true,
        "match_result": "Side 1 (Garrison) wins",
        "winner_method": "knockout",
        "match_result_display": "Garrison def. Johnny Destruction by knockout (06:49)",
        "match_visibility": {
            "hide_from_card": true,
            "hide_summary": true,
            "hide_result": false
        },
        "warnings": [],
        "segment_position": 106,
        "match_id": "98e06132-9c51-457f-a34a-d2f9dc44128b"
    },
    {
        "participants_display": "Garrison vs Zach Gordon",
        "sides": [
            [
                "Garrison"
            ],
            [
                "Zach Gordon"
            ]
        ],
        "match_time": "07:38",
        "match_championship": "",
        "match_class": "singles",
        "winning_side_index": 0,
        "individual_results": {
            "Garrison": "Win",
            "Zach Gordon": "Loss"
        },
        "team_results": {},
        "sync_teams_to_individuals": true,
        "match_result": "Side 1 (Garrison) wins",
        "winner_method": "submission",
        "match_result_display": "Garrison def. Zach Gordon by submission (07:38)",
        "match_visibility": {
            "hide_from_card": true,
            "hide_summary": true,
            "hide_result": false
        },
        "warnings": [],
        "segment_position": 107,
        "match_id": "d439e418-030d-461a-8094-bd78c12dcb91"
    },
    {
        "participants_display": "Apalachi vs Rick Walker",
        "sides": [
            [
                "Apalachi"
            ],
            [
                "Rick Walker"
            ]
        ],
        "match_time": "13:19",
        "match_championship": "",
        "match_class": "singles",
        "winning_side_index": 1,
        "individual_results": {
            "Apalachi": "Loss",
            "Rick Walker": "Win"
        },
        "team_results": {},
        "sync_teams_to_individuals": true,
        "match_result": "Side 2 (Rick Walker) wins",
        "winner_method": "pinfall",
        "match_result_display": "Rick Walker def. Apalachi by pinfall (13:19)",
        "match_visibility": {
            "hide_from_card": true,
            "hide_summary": true,
            "hide_result": false
        },
        "warnings": [],
        "segment_position": 108,
        "match_id": "064565db-0fd0-43eb-a643-989162985dd5"
    },
    {
        "participants_display": "“Wild” Bill McGraw vs Rick Walker",
        "sides": [
            [
                "“Wild” Bill McGraw"
            ],
            [
                "Rick Walker"
            ]
        ],
        "match_time": "02:51",
        "match_championship": "",
        "match_class": "singles",
        "winning_side_index": 1,
        "individual_results": {
            "“Wild” Bill McGraw": "Loss",
            "Rick Walker": "Win"
        },
        "team_results": {},
        "sync_teams_to_individuals": true,
        "match_result": "Side 2 (Rick Walker) wins",
        "winner_method": "",
        "match_result_display": "Rick Walker def. “Wild” Bill McGraw (02:51)",
        "match_visibility": {
            "hide_from_card": true,
            "hide_summary": true,
            "hide_result": false
        },
        "warnings": [],
        "segment_position": 109,
        "match_id": "31ca42d7-b149-40c2-9558-4e6ed7bbbe4d"
    },
    {
        "participants_display": "Garrison vs “The Monster” Payne",
        "sides": [
            [
                "Garrison"
            ],
            [
                "“The Monster” Payne"
            ]
        ],
        "match_time": "08:30",
        "match_championship": "",
        "match_class": "singles",
        "winning_side_index": 0,
        "individual_results": {
            "Garrison": "Win",
            "“The Monster” Payne": "Loss"
        },
        "team_results": {},
        "sync_teams_to_individuals": true,
        "match_result": "Side 1 (Garrison) wins",
        "winner_method": "submission",
        "match_result_display": "Garrison def. “The Monster” Payne by submission (08:30)",
        "match_visibility": {
            "hide_from_card": true,
            "hide_summary": true,
            "hide_result": false
        },
        "warnings": [],
        "segment_position": 110,
        "match_id": "71119387-fd16-43f4-9d28-93f156e0bbe6"
    },
    {
        "participants_display": "Rick Walker vs Riddick",
        "sides": [
            [
                "Rick Walker"
            ],
            [
                "Riddick"
            ]
        ],
        "match_time": "04:47",
        "match_championship": "",
        "match_class": "singles",
        "winning_side_index": 1,
        "individual_results": {
            "Rick Walker": "Loss",
            "Riddick": "Win"
        },
        "team_results": {},
        "sync_teams_to_individuals": true,
        "match_result": "Side 2 (Riddick) wins",
        "winner_method": "count-out",
        "match_result_display": "Riddick def. Rick Walker by count-out (04:47)",
        "match_visibility": {
            "hide_from_card": true,
            "hide_summary": true,
            "hide_result": false
        },
        "warnings": [],
        "segment_position": 111,
        "match_id": "b1755af1-e980-49a7-b6ba-6907f643851c"
    },
    {
        "participants_display": "TBA",
        "sides": [
            [
                "TBA"
            ]
        ],
        "match_time": "11:26",
        "match_championship": "",
        "match_class": "singles",
        "winning_side_index": -1,
        "individual_results": {
            "TBA": "No Contest"
        },
        "team_results": {},
        "sync_teams_to_individuals": true,
        "match_result": "",
        "winner_method": "pinfall",
        "match_result_display": "",
        "match_visibility": {
            "hide_from_card": false,
            "hide_summary": false,
            "hide_result": false
        },
        "warnings": [],
        "segment_position": 112,
        "match_id": "a30680e9-3067-42f3-b2ec-48a6f0e9d013"
    },
    {
        "participants_display": "Boon Ford, Buck Ford vs Void",
        "sides": [
            [
                "Boon Ford",
                "Buck Ford"
            ],
            [
                "Void"
            ]
        ],
        "match_time": "15:38",
        "match_championship": "",
        "match_class": "handicap",
        "winning_side_index": -1,
        "individual_results": {
            "Boon Ford": "No Contest",
            "Buck Ford": "No Contest",
            "Void": "No Contest"
        },
        "team_results": {
            "Rough Riders": "No Contest"
        },
        "sync_teams_to_individuals": true,
        "match_result": "",
        "winner_method": "pinfall",
        "match_result_display": "",
        "match_visibility": {
            "hide_from_card": false,
            "hide_summary": false,
            "hide_result": false
        },
        "warnings": [],
        "segment_position": 113,
        "match_id": "f67fdd7a-bcfa-4b8c-b6a4-ffbba9027eb5"
    },
    {
        "participants_display": "Las Chicas Viciosas (c) vs ???",
        "sides": [
            [
                "Las Chicas Viciosas (c)"
            ],
            [
                "???"
            ]
        ],
        "match_time": "11:49",
        "match_championship": "wma-womens-tag-team-championship-927a",
        "match_class": "singles",
        "winning_side_index": 0,
        "individual_results": {
            "Las Chicas Viciosas (c)": "Win",
            "???": "Loss"
        },
        "team_results": {},
        "sync_teams_to_individuals": true,
        "match_result": "Side 1 (Las Chicas Viciosas (c)) wins",
        "winner_method": "pinfall",
        "match_result_display": "Las Chicas Viciosas (c) def. ??? by pinfall (11:49)",
        "match_visibility": {
            "hide_from_card": false,
            "hide_summary": false,
            "hide_result": false
        },
        "warnings": [],
        "segment_position": 114,
        "match_id": "5d8d48b7-b8ba-4a29-8b7c-4aca50a2f46c"
    }
]