[
    {
        "participants_display": "Annette Warner vs Victoria Steele",
        "sides": [
            [
                "Annette Warner"
            ],
            [
                "Victoria Steele"
            ]
        ],
        "match_time": "04:03",
        "match_championship": "",
        "match_class": "singles",
        "winning_side_index": 1,
        "individual_results": {
            "Annette Warner": "Loss",
            "Victoria Steele": "Win"
        },
        "team_results": {},
        "sync_teams_to_individuals": true,
        "match_result": "Side 2 (Victoria Steele) wins",
        "winner_method": "pinfall",
        "match_result_display": "Victoria Steele def. Annette Warner by pinfall (04:03)",
        "match_visibility": {
            "hide_from_card": true,
            "hide_summary": true,
            "hide_result": false
        },
        "warnings": [],
        "segment_position": 100,
        "match_id": "aac8b767-1d4f-40aa-ac58-ccb2e25caa51"
    },
    {
        "participants_display": "Da Bad News Baers vs Danny Whitlock, Kaito Tanaka",
        "sides": [
            [
                "Da Bad News Baers"
            ],
            [
                "Danny Whitlock",
                "Kaito Tanaka"
            ]
        ],
        "match_time": "03:37",
        "match_championship": "",
        "match_class": "handicap",
        "winning_side_index": -1,
        "individual_results": {
            "Da Bad News Baers": "No Contest",
            "Danny Whitlock": "No Contest",
            "Kaito Tanaka": "No Contest"
        },
        "team_results": {
            "Pacific Divide": "No Contest"
        },
        "sync_teams_to_individuals": true,
        "match_result": "",
        "winner_method": "pinfall",
        "match_result_display": "",
        "match_visibility": {
            "hide_from_card": true,
            "hide_summary": true,
            "hide_result": false
        },
        "warnings": [],
        "segment_position": 101,
        "match_id": "69944648-2a68-4c96-848a-6df391295cc9"
    },
    {
        "participants_display": "&The Monster& Payne vs Russell Bryan",
        "sides": [
            [
                "&The Monster& Payne"
            ],
            [
                "Russell Bryan"
            ]
        ],
        "match_time": "01:19",
        "match_championship": "",
        "match_class": "singles",
        "winning_side_index": -1,
        "individual_results": {
            "&The Monster& Payne": "No Contest",
            "Russell Bryan": "No Contest"
        },
        "team_results": {},
        "sync_teams_to_individuals": true,
        "match_result": "",
        "winner_method": "pinfall",
        "match_result_display": "",
        "match_visibility": {
            "hide_from_card": true,
            "hide_summary": true,
            "hide_result": false
        },
        "warnings": [],
        "segment_position": 102,
        "match_id": "da0b145c-5f73-4d49-a0bd-6497875736bd"
    },
    {
        "participants_display": "Rob Johnson © vs KC Shore",
        "sides": [
            [
                "Rob Johnson ©"
            ],
            [
                "KC Shore"
            ]
        ],
        "match_time": "20:00",
        "match_championship": "wma-television-championship-73c8",
        "match_class": "singles",
        "winning_side_index": -1,
        "individual_results": {
            "Rob Johnson ©": "No Contest",
            "KC Shore": "No Contest"
        },
        "team_results": {},
        "sync_teams_to_individuals": true,
        "match_result": "",
        "winner_method": "",
        "match_result_display": "",
        "match_visibility": {
            "hide_from_card": false,
            "hide_summary": false,
            "hide_result": false
        },
        "warnings": [],
        "segment_position": 103,
        "match_id": "b61f316f-bf90-4c76-98d5-06b5e61894f7"
    },
    {
        "participants_display": "Bobby Biceps vs Max Dynamite",
        "sides": [
            [
                "Bobby Biceps"
            ],
            [
                "Max Dynamite"
            ]
        ],
        "match_time": "12:15",
        "match_championship": "",
        "match_class": "singles",
        "winning_side_index": 0,
        "individual_results": {
            "Bobby Biceps": "Win",
            "Max Dynamite": "Loss"
        },
        "team_results": {},
        "sync_teams_to_individuals": true,
        "match_result": "Side 1 (Bobby Biceps) wins",
        "winner_method": "submission",
        "match_result_display": "Bobby Biceps def. Max Dynamite by submission (12:15)",
        "match_visibility": {
            "hide_from_card": false,
            "hide_summary": false,
            "hide_result": false
        },
        "warnings": [],
        "segment_position": 104,
        "match_id": "0238f200-8df4-4669-a7df-9576e916b15a"
    },
    {
        "participants_display": "Heather Kent vs Jessica James",
        "sides": [
            [
                "Heather Kent"
            ],
            [
                "Jessica James"
            ]
        ],
        "match_time": "08:27",
        "match_championship": "wma-television-championship-73c8",
        "match_class": "singles",
        "winning_side_index": 1,
        "individual_results": {
            "Heather Kent": "Loss",
            "Jessica James": "Win"
        },
        "team_results": {},
        "sync_teams_to_individuals": true,
        "match_result": "Side 2 (Jessica James) wins",
        "winner_method": "pinfall",
        "match_result_display": "Jessica James def. Heather Kent by pinfall (08:27)",
        "match_visibility": {
            "hide_from_card": false,
            "hide_summary": false,
            "hide_result": false
        },
        "warnings": [],
        "segment_position": 105,
        "match_id": "c65ef8a9-a243-4ddb-8765-c01bcf4b69fb"
    },
    {
        "participants_display": "Joe Shore vs Tyler Vaughn",
        "sides": [
            [
                "Joe Shore"
            ],
            [
                "Tyler Vaughn"
            ]
        ],
        "match_time": "09:12",
        "match_championship": "",
        "match_class": "singles",
        "winning_side_index": 1,
        "individual_results": {
            "Joe Shore": "Loss",
            "Tyler Vaughn": "Win"
        },
        "team_results": {},
        "sync_teams_to_individuals": true,
        "match_result": "Side 2 (Tyler Vaughn) wins",
        "winner_method": "knockout",
        "match_result_display": "Tyler Vaughn def. Joe Shore by knockout (09:12)",
        "match_visibility": {
            "hide_from_card": false,
            "hide_summary": false,
            "hide_result": false
        },
        "warnings": [],
        "segment_position": 106,
        "match_id": "0532d518-6507-4bab-a4d8-fc9f02efa7b1"
    },
    {
        "participants_display": "Mad Dogs vs Pumas",
        "sides": [
            [
                "Mad Dogs"
            ],
            [
                "Pumas"
            ]
        ],
        "match_time": "10:41",
        "match_championship": "",
        "match_class": "singles",
        "winning_side_index": -1,
        "individual_results": {
            "Mad Dogs": "No Contest",
            "Pumas": "No Contest"
        },
        "team_results": {},
        "sync_teams_to_individuals": true,
        "match_result": "",
        "winner_method": "pinfall",
        "match_result_display": "",
        "match_visibility": {
            "hide_from_card": false,
            "hide_summary": false,
            "hide_result": false
        },
        "warnings": [],
        "segment_position": 107,
        "match_id": "db4b67ff-a75e-49b7-bd78-b6c368e586b1"
    },
    {
        "participants_display": "\"The Rebel\" Timothy Myers © vs Riddick",
        "sides": [
            [
                "\"The Rebel\" Timothy Myers ©"
            ],
            [
                "Riddick"
            ]
        ],
        "match_time": "16:46",
        "match_championship": "wma-world-championship-39b5",
        "match_class": "singles",
        "winning_side_index": 0,
        "individual_results": {
            "\"The Rebel\" Timothy Myers ©": "Win",
            "Riddick": "Loss"
        },
        "team_results": {},
        "sync_teams_to_individuals": true,
        "match_result": "Side 1 (\"The Rebel\" Timothy Myers ©) wins",
        "winner_method": "knockout",
        "match_result_display": "\"The Rebel\" Timothy Myers © def. Riddick by knockout (16:46)",
        "match_visibility": {
            "hide_from_card": false,
            "hide_summary": false,
            "hide_result": false
        },
        "warnings": [],
        "segment_position": 108,
        "match_id": "03af69f3-d823-4316-9c2d-8e79f8c86113"
    }
]