[
    {
        "participants_display": "Amber Sloane vs Arsen vs Dana Diamond vs Gina Cook vs Jackie Scott vs Mandy Matthews vs Missy Wallace vs Officer Cass Evans vs Rita Gomez vs Tabitha Ray",
        "sides": [
            [
                "Amber Sloane"
            ],
            [
                "Arsen"
            ],
            [
                "Dana Diamond"
            ],
            [
                "Gina Cook"
            ],
            [
                "Jackie Scott"
            ],
            [
                "Mandy Matthews"
            ],
            [
                "Missy Wallace"
            ],
            [
                "Officer Cass Evans"
            ],
            [
                "Rita Gomez"
            ],
            [
                "Tabitha Ray"
            ]
        ],
        "match_time": "19:14",
        "match_championship": "",
        "match_class": "singles",
        "winning_side_index": -1,
        "individual_results": {
            "Amber Sloane": "No Contest",
            "Arsen": "No Contest",
            "Dana Diamond": "No Contest",
            "Gina Cook": "No Contest",
            "Jackie Scott": "No Contest",
            "Mandy Matthews": "No Contest",
            "Missy Wallace": "No Contest",
            "Officer Cass Evans": "No Contest",
            "Rita Gomez": "No Contest",
            "Tabitha Ray": "No Contest"
        },
        "team_results": {},
        "sync_teams_to_individuals": true,
        "match_result": "",
        "winner_method": "",
        "match_result_display": "",
        "match_visibility": {
            "hide_from_card": false,
            "hide_summary": false,
            "hide_result": false
        },
        "warnings": [],
        "segment_position": 1,
        "match_id": "cab7e037-3374-4dd4-bc7c-d747be591a5d"
    },
    {
        "participants_display": "Robert Swanson, Zach Gordon vs The Sacred Dragons",
        "sides": [
            [
                "Robert Swanson",
                "Zach Gordon"
            ],
            [
                "The Sacred Dragons"
            ]
        ],
        "match_time": "09:23",
        "match_championship": "",
        "match_class": "handicap",
        "winning_side_index": 1,
        "individual_results": {
            "Robert Swanson": "Loss",
            "Zach Gordon": "Loss",
            "The Sacred Dragons": "Win"
        },
        "team_results": {
            "Air America": "Loss"
        },
        "sync_teams_to_individuals": true,
        "match_result": "Side 2 (The Sacred Dragons) wins",
        "winner_method": "pinfall",
        "match_result_display": "The Sacred Dragons def. Robert Swanson, Zach Gordon by pinfall (09:23)",
        "match_visibility": {
            "hide_from_card": false,
            "hide_summary": false,
            "hide_result": false
        },
        "warnings": [],
        "segment_position": 2,
        "match_id": "a31ff8af-5b02-44b8-945c-7109a0db4d4b"
    },
    {
        "participants_display": "Carla Rivera vs The Moon Child",
        "sides": [
            [
                "Carla Rivera"
            ],
            [
                "The Moon Child"
            ]
        ],
        "match_time": "06:05",
        "match_championship": "",
        "match_class": "singles",
        "winning_side_index": 1,
        "individual_results": {
            "Carla Rivera": "Loss",
            "The Moon Child": "Win"
        },
        "team_results": {},
        "sync_teams_to_individuals": true,
        "match_result": "Side 2 (The Moon Child) wins",
        "winner_method": "pinfall",
        "match_result_display": "The Moon Child def. Carla Rivera by pinfall (06:05)",
        "match_visibility": {
            "hide_from_card": false,
            "hide_summary": false,
            "hide_result": false
        },
        "warnings": [],
        "segment_position": 3,
        "match_id": "c62cfb16-7111-4c06-aeea-4721669e66c3"
    },
    {
        "participants_display": "Alexander Midas, Bobby Biceps vs The Mis-Fitz",
        "sides": [
            [
                "Alexander Midas",
                "Bobby Biceps"
            ],
            [
                "The Mis-Fitz"
            ]
        ],
        "match_time": "12:35",
        "match_championship": "",
        "match_class": "handicap",
        "winning_side_index": 1,
        "individual_results": {
            "Alexander Midas": "Loss",
            "Bobby Biceps": "Loss",
            "The Mis-Fitz": "Win"
        },
        "team_results": {
            "Golden Rule": "Loss"
        },
        "sync_teams_to_individuals": true,
        "match_result": "Side 2 (The Mis-Fitz) wins",
        "winner_method": "pinfall",
        "match_result_display": "The Mis-Fitz def. Alexander Midas, Bobby Biceps by pinfall (12:35)",
        "match_visibility": {
            "hide_from_card": false,
            "hide_summary": false,
            "hide_result": false
        },
        "warnings": [],
        "segment_position": 4,
        "match_id": "2ded6a3d-ede5-4680-badb-26eb3b2474ec"
    },
    {
        "participants_display": "Chris Davids, John Blair vs Killian Brady, Noah Brady",
        "sides": [
            [
                "Chris Davids",
                "John Blair"
            ],
            [
                "Killian Brady",
                "Noah Brady"
            ]
        ],
        "match_time": "16:08",
        "match_championship": "",
        "match_class": "tag",
        "winning_side_index": -1,
        "individual_results": {
            "Chris Davids": "No Contest",
            "John Blair": "No Contest",
            "Killian Brady": "No Contest",
            "Noah Brady": "No Contest"
        },
        "team_results": {
            "Knightfall": "No Contest",
            "The Pumas": "No Contest"
        },
        "sync_teams_to_individuals": true,
        "match_result": "",
        "winner_method": "pinfall",
        "match_result_display": "",
        "match_visibility": {
            "hide_from_card": false,
            "hide_summary": false,
            "hide_result": false
        },
        "warnings": [],
        "segment_position": 5,
        "match_id": "8e313dac-a7be-480d-a5bd-fd4f3cf2e85b"
    },
    {
        "participants_display": "Mad Dog Bark, Mad Dog Bite vs The Walkers",
        "sides": [
            [
                "Mad Dog Bark",
                "Mad Dog Bite"
            ],
            [
                "The Walkers"
            ]
        ],
        "match_time": "13:41",
        "match_championship": "",
        "match_class": "handicap",
        "winning_side_index": -1,
        "individual_results": {
            "Mad Dog Bark": "No Contest",
            "Mad Dog Bite": "No Contest",
            "The Walkers": "No Contest"
        },
        "team_results": {
            "The Mad Dogs": "No Contest"
        },
        "sync_teams_to_individuals": true,
        "match_result": "",
        "winner_method": "pinfall",
        "match_result_display": "",
        "match_visibility": {
            "hide_from_card": false,
            "hide_summary": false,
            "hide_result": false
        },
        "warnings": [],
        "segment_position": 6,
        "match_id": "1c189f34-67c3-45fb-a600-2290d4faa062"
    },
    {
        "participants_display": "Jim Brady, Rob Johnson vs Jonathan Cruz, Rick Soto",
        "sides": [
            [
                "Jim Brady",
                "Rob Johnson"
            ],
            [
                "Jonathan Cruz, Rick Soto"
            ]
        ],
        "match_time": "03:19",
        "match_championship": "",
        "match_class": "handicap",
        "winning_side_index": -1,
        "individual_results": {
            "Jim Brady": "No Contest",
            "Rob Johnson": "No Contest",
            "Jonathan Cruz, Rick Soto": "No Contest"
        },
        "team_results": {
            "Leaders Not Followers": "No Contest"
        },
        "sync_teams_to_individuals": true,
        "match_result": "",
        "winner_method": "pinfall",
        "match_result_display": "",
        "match_visibility": {
            "hide_from_card": true,
            "hide_summary": true,
            "hide_result": false
        },
        "warnings": [],
        "segment_position": 7,
        "match_id": "6d20f737-e8ba-4643-8505-c271bd87d045"
    },
    {
        "participants_display": "Abigail James, Danielle Marks vs Jennifer Gatewood, Laura Perry",
        "sides": [
            [
                "Abigail James",
                "Danielle Marks"
            ],
            [
                "Jennifer Gatewood, Laura Perry"
            ]
        ],
        "match_time": "02:33",
        "match_championship": "",
        "match_class": "handicap",
        "winning_side_index": -1,
        "individual_results": {
            "Abigail James": "No Contest",
            "Danielle Marks": "No Contest",
            "Jennifer Gatewood, Laura Perry": "No Contest"
        },
        "team_results": {
            "Hot Shots": "No Contest"
        },
        "sync_teams_to_individuals": true,
        "match_result": "",
        "winner_method": "pinfall",
        "match_result_display": "",
        "match_visibility": {
            "hide_from_card": true,
            "hide_summary": true,
            "hide_result": false
        },
        "warnings": [],
        "segment_position": 8,
        "match_id": "2e98657b-2675-4e5a-997c-9e40e4c42835"
    },
    {
        "participants_display": "Elvin Spinks vs TJ Valentine",
        "sides": [
            [
                "Elvin Spinks"
            ],
            [
                "TJ Valentine"
            ]
        ],
        "match_time": "03:27",
        "match_championship": "",
        "match_class": "singles",
        "winning_side_index": 1,
        "individual_results": {
            "Elvin Spinks": "Loss",
            "TJ Valentine": "Win"
        },
        "team_results": {},
        "sync_teams_to_individuals": true,
        "match_result": "Side 2 (TJ Valentine) wins",
        "winner_method": "submission",
        "match_result_display": "TJ Valentine def. Elvin Spinks by submission (03:27)",
        "match_visibility": {
            "hide_from_card": true,
            "hide_summary": true,
            "hide_result": false
        },
        "warnings": [],
        "segment_position": 9,
        "match_id": "c2938ff6-9c71-4f5b-9657-a070b0567bf6"
    }
]