[
    {
        "position": 1,
        "type": "Match",
        "header": "Dark Match",
        "participants_display": "Missy Wallace vs Jessica James",
        "sides": [
            [
                "Missy Wallace"
            ],
            [
                "Jessica James"
            ]
        ],
        "match_result": "Side 2 (Jessica James) wins",
        "match_result_display": "Jessica James def. Missy Wallace by submission (04:42)",
        "match_id": "d1f1b265-8bd5-46ea-9a67-6506a5b444f0",
        "summary_file": "/home/gary/wma/includes/tmp/mayhem-4/match_dark-match.md"
    },
    {
        "position": 2,
        "type": "Match",
        "header": "Dark Match",
        "participants_display": "Autumn Chambers vs Heather Kent",
        "sides": [
            [
                "Autumn Chambers"
            ],
            [
                "Heather Kent"
            ]
        ],
        "match_result": "Side 1 (Autumn Chambers) wins",
        "match_result_display": "Autumn Chambers def. Heather Kent by submission (01:33)",
        "match_id": "0c14ad8b-bc91-4bd3-8299-a31f8557441e",
        "summary_file": "/home/gary/wma/includes/tmp/mayhem-4/match_dark-match.md"
    },
    {
        "position": 3,
        "type": "Match",
        "header": "Dark Match",
        "participants_display": "TJ Valentine vs Noel Jackson",
        "sides": [
            [
                "TJ Valentine"
            ],
            [
                "Noel Jackson"
            ]
        ],
        "match_result": "Side 1 (TJ Valentine) wins",
        "match_result_display": "TJ Valentine def. Noel Jackson by pinfall (04:01)",
        "match_id": "5a1376fe-77e0-44e5-98cc-30823b9a8786",
        "summary_file": "/home/gary/wma/includes/tmp/mayhem-4/match_dark-match.md"
    },
    {
        "position": 4,
        "type": "Match",
        "header": "Dark Match",
        "participants_display": "Michael King vs Lenny Dennis",
        "sides": [
            [
                "Michael King"
            ],
            [
                "Lenny Dennis"
            ]
        ],
        "match_result": "Side 1 (Michael King) wins",
        "match_result_display": "Michael King def. Lenny Dennis by pinfall (02:20)",
        "match_id": "f3a98b29-ee0f-44ed-a0cb-5e8343317faf",
        "summary_file": "/home/gary/wma/includes/tmp/mayhem-4/match_dark-match.md"
    },
    {
        "position": 5,
        "type": "Match",
        "header": "Dark Match",
        "participants_display": "The Hooligans vs Bill Long, Tom Ham",
        "sides": [
            [
                "Jason Walker",
                "Mike Wilson"
            ],
            [
                "Bill Long",
                "Tom Ham"
            ]
        ],
        "match_result": "Side 1 (Jason Walker, Mike Wilson) wins",
        "match_result_display": "The Hooligans (Jason Walker, Mike Wilson) def. Bill Long, Tom Ham by pinfall (03:15)",
        "match_id": "1381a83c-aa5b-441e-9063-d4bcfcbe84b7",
        "summary_file": "/home/gary/wma/includes/tmp/mayhem-4/match_dark-match_5.md"
    },
    {
        "position": 7,
        "type": "Match",
        "header": "Singles Match",
        "participants_display": "Bobby Biceps vs Don Real",
        "sides": [
            [
                "Bobby Biceps"
            ],
            [
                "Don Real"
            ]
        ],
        "match_result": "Side 1 (Bobby Biceps) wins",
        "match_result_display": "Bobby Biceps def. Don Real by submission (03:32)",
        "match_id": "e559dd28-14f6-474a-b3b0-66a411660004",
        "summary_file": "/home/gary/wma/includes/tmp/mayhem-4/match_singles-match_7.md"
    },
    {
        "position": 8,
        "type": "In-ring",
        "header": "Floyd's Address",
        "summary_file": "/home/gary/wma/includes/tmp/mayhem-4/in-ring_floyds-address_8.md"
    },
    {
        "position": 9,
        "type": "Match",
        "header": "Singles Match",
        "participants_display": "Arsen vs Allison Katt",
        "sides": [
            [
                "Arsen"
            ],
            [
                "Allison Katt"
            ]
        ],
        "match_result": "Side 2 (Allison Katt) wins",
        "match_result_display": "Allison Katt def. Arsen by submission (08:41)",
        "match_id": "228229f4-ca6f-4d6d-9df8-5725ba80d5a9",
        "summary_file": "/home/gary/wma/includes/tmp/mayhem-4/match_singles-match_9.md"
    },
    {
        "position": 10,
        "type": "Match",
        "header": "Match",
        "participants_display": "The Pumas vs Chris Baer, Eric Baer",
        "sides": [
            [
                "Killian Brady",
                "Noah Brady"
            ],
            [
                "Chris Baer",
                "Eric Baer"
            ]
        ],
        "match_result": "Side 1 (Killian Brady, Noah Brady) wins",
        "match_result_display": "The Pumas (Killian Brady, Noah Brady) def. Chris Baer, Eric Baer by pinfall (05:09)",
        "match_id": "13ca2e6e-cd6a-40c3-a510-6416c1294fe0",
        "summary_file": "/home/gary/wma/includes/tmp/mayhem-4/match_match_10.md"
    },
    {
        "position": 11,
        "type": "Match",
        "header": "Six-Woman Tag-Team Match",
        "participants_display": "Diamond Princesses vs California Connection",
        "sides": [
            [
                "Dana Diamond",
                "Kiara Haddad",
                "Mandy Matthews"
            ],
            [
                "Amber Sloane",
                "Apryl Raser",
                "Tammy Terrel"
            ]
        ],
        "match_result": "Side 2 (Amber Sloane, Apryl Raser, Tammy Terrel) wins",
        "match_result_display": "California Connection (Amber Sloane, Tammy Terrel), Apryl Raser def. Diamond Princesses (Dana Diamond, Kiara Haddad), Mandy Matthews by pinfall (17:42)",
        "match_id": "5594cd35-2234-4f3f-978d-7c9cbdb2d476",
        "summary_file": "/home/gary/wma/includes/tmp/mayhem-4/match_six-woman-tag-team-match_11.md"
    },
    {
        "position": 12,
        "type": "Match",
        "header": "Elimination Match",
        "participants_display": "Extreme Randy vs Frank Roberts vs Jamey Kingston vs Max Dynamite vs Scott Ashton",
        "sides": [
            [
                "Extreme Randy"
            ],
            [
                "Frank Roberts"
            ],
            [
                "Jamey Kingston"
            ],
            [
                "Max Dynamite"
            ],
            [
                "Scott Ashton"
            ]
        ],
        "match_result": "Side 3 (Jamey Kingston) wins",
        "match_result_display": "Jamey Kingston def. Extreme Randy, Frank Roberts, Max Dynamite, Scott Ashton (27:10)",
        "match_id": "211d8bcb-f844-4779-a46d-6ca06d886d98",
        "summary_file": "/home/gary/wma/includes/tmp/mayhem-4/match_elimination-match_12.md"
    },
    {
        "position": 13,
        "type": "Match",
        "header": "Tournament Qualifier",
        "participants_display": "Rick Walker vs Apalachi",
        "sides": [
            [
                "Rick Walker"
            ],
            [
                "Apalachi"
            ]
        ],
        "match_result": "Side 1 (Rick Walker) wins",
        "match_result_display": "Rick Walker def. Apalachi by pinfall (14:36)",
        "match_id": "d7e1ef79-5fc6-4d0a-b4b7-69e430dbe6de",
        "summary_file": "/home/gary/wma/includes/tmp/mayhem-4/match_tournament-qualifier_13.md"
    },
    {
        "position": 14,
        "type": "Brawl",
        "header": "Extreme Badlanders",
        "summary_file": "/home/gary/wma/includes/tmp/mayhem-4/brawl_extreme-badlanders_14.md"
    },
    {
        "position": 15,
        "type": "Match",
        "header": "Tournament Qualifier",
        "participants_display": "Johnny Destruction vs KC Shore",
        "sides": [
            [
                "Johnny Destruction"
            ],
            [
                "KC Shore"
            ]
        ],
        "match_result": "Side 2 (KC Shore) wins",
        "match_result_display": "KC Shore def. Johnny Destruction by disqualification (09:05)",
        "match_id": "0cccc0e8-8b11-40d6-b69a-012f659cad86",
        "summary_file": "/home/gary/wma/includes/tmp/mayhem-4/match_tournament-qualifier_15.md"
    },
    {
        "position": 16,
        "type": "Match",
        "header": "Main Event",
        "participants_display": "The Happy Faces vs Fitzgerald, Joe Shore",
        "sides": [
            [
                "Happy Jack",
                " Happy Sam"
            ],
            [
                "Fitzgerald",
                "Joe Shore"
            ]
        ],
        "match_result": "Side 1 (Happy Jack,  Happy Sam) wins",
        "match_result_display": "The Happy Faces (Happy Jack,  Happy Sam) def. Fitzgerald, Joe Shore by pinfall (11:14)",
        "match_id": "518f9d4a-f5cb-48ce-8fcd-6e1f4c4ec79a",
        "summary_file": "/home/gary/wma/includes/tmp/mayhem-4/match_main-event_16.md"
    }
]