[
    {
        "position": 1,
        "type": "Match",
        "header": "Dark Match",
        "participants_display": "Corey Moore vs Jim Brady",
        "sides": [
            [
                "Corey Moore"
            ],
            [
                "Jim Brady"
            ]
        ],
        "match_result": "Side 2 (Jim Brady) wins",
        "match_result_display": "Jim Brady def. Corey Moore by pinfall (02:15)",
        "match_id": "113a3211-4c11-4bbc-962f-43576191d0ec",
        "summary_file": "/home/gary/wma/includes/tmp/mayhem-37/match_dark-match.md"
    },
    {
        "position": 2,
        "type": "Match",
        "header": "Dark Match",
        "participants_display": "Candice Whitehall, Gina Cook vs The Anderson Sisters",
        "sides": [
            [
                "Candice Whitehall",
                "Gina Cook"
            ],
            [
                "The Anderson Sisters"
            ]
        ],
        "match_result": "",
        "match_result_display": "",
        "match_id": "a6a34976-93d1-4139-96e9-d65dcddeb1b0",
        "summary_file": "/home/gary/wma/includes/tmp/mayhem-37/match_dark-match.md"
    },
    {
        "position": 3,
        "type": "Match",
        "header": "Dark Match",
        "participants_display": "The Golden Rule vs The Masked Crushers",
        "sides": [
            [
                "The Golden Rule"
            ],
            [
                "The Masked Crushers"
            ]
        ],
        "match_result": "Side 1 (The Golden Rule) wins",
        "match_result_display": "The Golden Rule def. The Masked Crushers by pinfall (03:51)",
        "match_id": "8a4819bd-1558-44eb-ab3c-d150f0f4c3b0",
        "summary_file": "/home/gary/wma/includes/tmp/mayhem-37/match_dark-match.md"
    },
    {
        "position": 4,
        "type": "Match",
        "header": "Singles Match",
        "participants_display": "Joe Shore vs Michael King",
        "sides": [
            [
                "Joe Shore"
            ],
            [
                "Michael King"
            ]
        ],
        "match_result": "Side 1 (Joe Shore) wins",
        "match_result_display": "Joe Shore def. Michael King by pinfall (08:37)",
        "match_id": "2d825ea2-6e12-4fcf-a6ff-08b15b7b8e2d",
        "summary_file": "/home/gary/wma/includes/tmp/mayhem-37/match_singles-match.md"
    },
    {
        "position": 5,
        "type": "Match",
        "header": "Singles Match",
        "participants_display": "Carla Rivera vs The Moon Child",
        "sides": [
            [
                "Carla Rivera"
            ],
            [
                "The Moon Child"
            ]
        ],
        "match_result": "Side 1 (Carla Rivera) wins",
        "match_result_display": "Carla Rivera def. The Moon Child by pinfall (06:11)",
        "match_id": "8c632bb7-f055-445b-9b68-46bbaa0836a4",
        "summary_file": "/home/gary/wma/includes/tmp/mayhem-37/match_singles-match.md"
    },
    {
        "position": 6,
        "type": "Match",
        "header": "Singles Match",
        "participants_display": "Katy Kelly vs Missy Wallace",
        "sides": [
            [
                "Katy Kelly"
            ],
            [
                "Missy Wallace"
            ]
        ],
        "match_result": "Side 1 (Katy Kelly) wins",
        "match_result_display": "Katy Kelly def. Missy Wallace by pinfall (07:18)",
        "match_id": "6dd7bef8-d96d-40e3-a996-2305c25b5cd8",
        "summary_file": "/home/gary/wma/includes/tmp/mayhem-37/match_singles-match.md"
    },
    {
        "position": 7,
        "type": "Match",
        "header": "Special Match",
        "participants_display": "Robert Swanson, Zach Gordon vs The Sacred Dragons",
        "sides": [
            [
                "Robert Swanson",
                "Zach Gordon"
            ],
            [
                "The Sacred Dragons"
            ]
        ],
        "match_result": "Side 2 (The Sacred Dragons) wins",
        "match_result_display": "The Sacred Dragons def. Robert Swanson, Zach Gordon by pinfall (09:15)",
        "match_id": "15868870-f9b8-41cb-8d75-2f8b742bf981",
        "summary_file": "/home/gary/wma/includes/tmp/mayhem-37/match_special-match.md"
    },
    {
        "position": 8,
        "type": "Match",
        "header": "Women's Tag-Team Match",
        "participants_display": "The California Connection vs Elena Sanchez, Rita Gomez",
        "sides": [
            [
                "The California Connection"
            ],
            [
                "Elena Sanchez",
                "Rita Gomez"
            ]
        ],
        "match_result": "Side 1 (The California Connection) wins",
        "match_result_display": "The California Connection def. Elena Sanchez, Rita Gomez by pinfall (16:16)",
        "match_id": "e99ca0e8-b2de-44c8-a534-9cfc3332abfe",
        "summary_file": "/home/gary/wma/includes/tmp/mayhem-37/match_women-s-tag-team-match.md"
    },
    {
        "position": 9,
        "type": "Match",
        "header": "Special Match",
        "participants_display": "The Hellfire Club (Johnny Destruction, Scott Ashton) vs Mad Dog Bark, Mad Dog Bite",
        "sides": [
            [
                "The Hellfire Club (Johnny Destruction, Scott Ashton)"
            ],
            [
                "Mad Dog Bark",
                "Mad Dog Bite"
            ]
        ],
        "match_result": "",
        "match_result_display": "",
        "match_id": "262512e3-587c-4e9c-b786-59adde204909",
        "summary_file": "/home/gary/wma/includes/tmp/mayhem-37/match_special-match.md"
    },
    {
        "position": 10,
        "type": "Match",
        "header": "Main Event - WMA Television Championship",
        "participants_display": "Fitzgerald (c) vs Fox Kelly",
        "sides": [
            [
                "Fitzgerald (c)"
            ],
            [
                "Fox Kelly"
            ]
        ],
        "match_result": "Side 1 (Fitzgerald (c)) wins",
        "match_result_display": "Fitzgerald (c) def. Fox Kelly by submission (11:53)",
        "match_id": "eb01749a-95ae-4d00-ba45-d401adf8bbc2",
        "summary_file": "/home/gary/wma/includes/tmp/mayhem-37/match_main-event-wma-television-championship.md"
    }
]