[
    {
        "sides": [
            [
                "Allison Katt",
                "Mandy Matthews"
            ],
            [
                "Officer Cass Evans",
                "Piper Pepper"
            ]
        ],
        "match_time": "09:37",
        "match_championship": "",
        "winning_side_index": 1,
        "individual_results": {
            "Allison Katt": "Loss",
            "Mandy Matthews": "Loss",
            "Officer Cass Evans": "Win",
            "Piper Pepper": "Win"
        },
        "team_results": {},
        "sync_teams_to_individuals": true,
        "match_result": "Side 2 (Officer Cass Evans, Piper Pepper) wins",
        "winner_method": "pinfall",
        "match_result_display": "Officer Cass Evans, Piper Pepper def. Allison Katt, Mandy Matthews by pinfall (09:37)",
        "match_visibility": {
            "hide_from_card": false,
            "hide_summary": false,
            "hide_result": false
        },
        "warnings": [],
        "match_class": "tag",
        "match_id": "298a057c-2d6b-484d-8538-d8b39eb0ea60",
        "segment_position": 1
    }
]