[
    {
        "participants_display": "Apalachi vs Don Real",
        "sides": [
            [
                "Apalachi"
            ],
            [
                "Don Real"
            ]
        ],
        "match_time": "00:19",
        "match_championship": "",
        "match_class": "singles",
        "winning_side_index": 0,
        "individual_results": {
            "Don Real": "No Contest",
            "Apalachi": "No Contest"
        },
        "team_results": {},
        "sync_teams_to_individuals": true,
        "match_result": "Side 1 (Apalachi) wins",
        "winner_method": "submission",
        "match_result_display": "Apalachi def. Don Real by submission in a dark match (00:19)",
        "match_visibility": {
            "hide_from_card": true,
            "hide_summary": true,
            "hide_result": false
        },
        "warnings": [
            "Wrestler 'Apalachi' on declared winning side has result 'No Contest' instead of 'Win'."
        ],
        "match_id": "6146e3e9-507f-49b7-9d10-8c14f50db95c",
        "segment_position": 1
    },
    {
        "participants_display": "Alexi Chambers, Scott Ashton vs The Hooligans",
        "sides": [
            [
                "Alexi Chambers",
                "Scott Ashton"
            ],
            [
                "Jason Walker",
                "Mike Wilson"
            ]
        ],
        "match_time": "04:44",
        "match_championship": "",
        "winning_side_index": 1,
        "individual_results": {
            "Alexi Chambers": "Loss",
            "Jason Walker": "Win",
            "Scott Ashton": "Loss",
            "Mike Wilson": "Win"
        },
        "team_results": {
            "The Hooligans": "Win"
        },
        "sync_teams_to_individuals": true,
        "match_result": "Side 2 (Jason Walker, Mike Wilson) wins",
        "winner_method": "pinfall",
        "match_result_display": "The Hooligans (Jason Walker, Mike Wilson) def. Alexi Chambers, Scott Ashton by pinfall (04:44)",
        "match_visibility": {
            "hide_from_card": false,
            "hide_summary": false,
            "hide_result": false
        },
        "warnings": [],
        "match_class": "tag",
        "segment_position": 2,
        "match_id": "322b276e-27c6-4dd9-9af1-5a64b0dd1f0b"
    }
]