[
    {
        "position": 100,
        "type": "Match",
        "header": "Dark Match",
        "participants_display": "Bobby Biceps vs Rick Soto",
        "sides": [
            [
                "Bobby Biceps"
            ],
            [
                "Rick Soto"
            ]
        ],
        "match_result": "Side 1 (Bobby Biceps) wins",
        "match_result_display": "Bobby Biceps def. Rick Soto by pinfall (03:10)",
        "match_id": "2bceb120-d854-4af7-8ea1-a301c9ff7cc1",
        "summary_file": "/home/gary/wma/includes/tmp/mayhem-50/match_dark-match.md"
    },
    {
        "position": 101,
        "type": "Match",
        "header": "Dark Match",
        "participants_display": "Joyce Porter, Pauline Schneider vs Mandy Matthews, Officer Cass Evans",
        "sides": [
            [
                "Joyce Porter, Pauline Schneider"
            ],
            [
                "Mandy Matthews",
                "Officer Cass Evans"
            ]
        ],
        "match_result": "Side 2 (Mandy Matthews, Officer Cass Evans) wins",
        "match_result_display": "Mandy Matthews, Officer Cass Evans def. Joyce Porter, Pauline Schneider by submission (04:34)",
        "match_id": "c249bee9-5d93-41d1-8a19-d85e57e122f9",
        "summary_file": "/home/gary/wma/includes/tmp/mayhem-50/match_dark-match.md"
    },
    {
        "position": 102,
        "type": "Match",
        "header": "Dark Match",
        "participants_display": "Doug Garner vs Rob Johnson",
        "sides": [
            [
                "Doug Garner"
            ],
            [
                "Rob Johnson"
            ]
        ],
        "match_result": "Side 2 (Rob Johnson) wins",
        "match_result_display": "Rob Johnson def. Doug Garner by pinfall (02:58)",
        "match_id": "eac300e0-d7dc-48b9-9cf4-25edf8762c50",
        "summary_file": "/home/gary/wma/includes/tmp/mayhem-50/match_dark-match.md"
    },
    {
        "position": 103,
        "type": "Match",
        "header": "Street Fight",
        "participants_display": "Apalachi vs Ranger Ross",
        "sides": [
            [
                "Apalachi"
            ],
            [
                "Ranger Ross"
            ]
        ],
        "match_result": "Side 1 (Apalachi) wins",
        "match_result_display": "Apalachi def. Ranger Ross by pinfall (13:18)",
        "match_id": "08bc1f39-6fe0-4dd6-b139-753d503af523",
        "summary_file": "/home/gary/wma/includes/tmp/mayhem-50/match_street-fight.md"
    },
    {
        "position": 104,
        "type": "Match",
        "header": "Non-Title Special Challenge",
        "participants_display": "Apryl Raser vs Brenda Marshall",
        "sides": [
            [
                "Apryl Raser"
            ],
            [
                "Brenda Marshall"
            ]
        ],
        "match_result": "",
        "match_result_display": "",
        "match_id": "381e842d-25e2-4a81-a5ee-1775cf1773f2",
        "summary_file": "/home/gary/wma/includes/tmp/mayhem-50/match_non-title-special-challenge.md"
    },
    {
        "position": 105,
        "type": "Match",
        "header": "Special Match",
        "participants_display": "Mad Dogs vs Purple Rime, Red Mist",
        "sides": [
            [
                "Mad Dogs"
            ],
            [
                "Purple Rime",
                "Red Mist"
            ]
        ],
        "match_result": "",
        "match_result_display": "",
        "match_id": "226db0b1-7b9a-4500-a418-f8289d9e748a",
        "summary_file": "/home/gary/wma/includes/tmp/mayhem-50/match_special-match.md"
    },
    {
        "position": 106,
        "type": "Match",
        "header": "Singles Match",
        "participants_display": "Johnny Destruction vs \"The Monster\" Payne",
        "sides": [
            [
                "Johnny Destruction"
            ],
            [
                "\"The Monster\" Payne"
            ]
        ],
        "match_result": "Side 2 (\"The Monster\" Payne) wins",
        "match_result_display": "\"The Monster\" Payne def. Johnny Destruction by pinfall (17:17)",
        "match_id": "22653429-aebf-4c8b-986f-f53af073d8c8",
        "summary_file": "/home/gary/wma/includes/tmp/mayhem-50/match_singles-match.md"
    },
    {
        "position": 107,
        "type": "Match",
        "header": "Main Event - WMA Television Championship",
        "participants_display": "KC Shore (c) vs Jim Brady",
        "sides": [
            [
                "KC Shore (c)"
            ],
            [
                "Jim Brady"
            ]
        ],
        "match_result": "Side 1 (KC Shore (c)) wins",
        "match_result_display": "KC Shore (c) def. Jim Brady by disqualification (16:45)",
        "match_id": "8e083273-28f0-4dd5-b031-e0a5d8798d17",
        "summary_file": "/home/gary/wma/includes/tmp/mayhem-50/match_main-event-wma-television-championship.md"
    }
]