[
    {
        "sides": [
            [
                "Apalachi"
            ],
            [
                "Bobby Biceps"
            ]
        ],
        "match_time": "15:36",
        "match_championship": "",
        "winning_side_index": 0,
        "individual_results": {
            "Apalachi": "Win",
            "Bobby Biceps": "Loss"
        },
        "team_results": {},
        "sync_teams_to_individuals": true,
        "match_result": "Side 1 (Apalachi) wins",
        "winner_method": "submission",
        "match_result_display": "Apalachi def. Bobby Biceps by submission (15:36)",
        "match_visibility": {
            "hide_from_card": false,
            "hide_summary": false,
            "hide_result": false
        },
        "warnings": [],
        "match_class": "singles",
        "segment_position": 1,
        "match_id": "cd361a3b-2608-48f7-8500-6ffbdadb7d98"
    },
    {
        "sides": [
            [
                "Anastasia Phoenix"
            ],
            [
                "Mandy Matthews"
            ]
        ],
        "match_time": "11:32",
        "match_championship": "",
        "winning_side_index": 0,
        "individual_results": {
            "Anastasia Phoenix": "Win",
            "Mandy Matthews": "Loss"
        },
        "team_results": {},
        "sync_teams_to_individuals": true,
        "match_result": "Side 1 (Anastasia Phoenix) wins",
        "winner_method": "pinfall",
        "match_result_display": "Anastasia Phoenix def. Mandy Matthews by pinfall (11:32)",
        "match_visibility": {
            "hide_from_card": false,
            "hide_summary": false,
            "hide_result": false
        },
        "warnings": [],
        "match_class": "singles",
        "match_id": "1586041f-4289-4d49-9503-f3fcdb0077f5",
        "segment_position": 2
    },
    {
        "sides": [
            [
                "A.R.C.H.I.E."
            ],
            [
                "Bryan Danielson"
            ]
        ],
        "match_time": "8:00",
        "match_championship": "",
        "winning_side_index": 0,
        "individual_results": {
            "A.R.C.H.I.E.": "Win",
            "Bryan Danielson": "Loss"
        },
        "team_results": {},
        "sync_teams_to_individuals": true,
        "match_result": "Side 1 (A.R.C.H.I.E.) wins",
        "winner_method": "KO",
        "match_result_display": "A.R.C.H.I.E. def. Bryan Danielson by KO (8:00)",
        "match_visibility": {
            "hide_from_card": false,
            "hide_summary": false,
            "hide_result": false
        },
        "warnings": [],
        "match_class": "singles",
        "match_id": "8eea6255-4c75-4a4c-a3e9-0e796ef5dc82",
        "segment_position": 3
    },
    {
        "sides": [
            [
                "Adrian Waters"
            ],
            [
                "Brandon Rivers"
            ]
        ],
        "match_time": "05:34",
        "match_championship": "",
        "winning_side_index": 0,
        "individual_results": {
            "Adrian Waters": "Win",
            "Brandon Rivers": "Loss"
        },
        "team_results": {},
        "sync_teams_to_individuals": true,
        "match_result": "Side 1 (Adrian Waters) wins",
        "winner_method": "pinfall",
        "match_result_display": "Adrian Waters def. Brandon Rivers by pinfall (05:34)",
        "match_visibility": {
            "hide_from_card": false,
            "hide_summary": false,
            "hide_result": false
        },
        "warnings": [],
        "match_class": "singles",
        "segment_position": 4,
        "match_id": "ca829f7c-530f-4828-a281-730e6ddffc72"
    },
    {
        "sides": [
            [
                "Apryl Raser"
            ],
            [
                "Charlotte Flair"
            ]
        ],
        "match_time": "21:20",
        "match_championship": "",
        "winning_side_index": 0,
        "individual_results": {
            "Apryl Raser": "Win",
            "Charlotte Flair": "Loss"
        },
        "team_results": {},
        "sync_teams_to_individuals": true,
        "match_result": "Side 1 (Apryl Raser) wins",
        "winner_method": "pinfall",
        "match_result_display": "Apryl Raser def. Charlotte Flair by pinfall (21:20)",
        "match_visibility": {
            "hide_from_card": false,
            "hide_summary": false,
            "hide_result": false
        },
        "warnings": [],
        "match_class": "singles",
        "segment_position": 7,
        "match_id": "bf50a7a4-7719-40dc-9a56-5743dee9c163"
    }
]