[
    {
        "position": 100,
        "type": "Match",
        "header": "Dark Match",
        "participants_display": "Annette Warner vs Victoria Steele",
        "sides": [
            [
                "Annette Warner"
            ],
            [
                "Victoria Steele"
            ]
        ],
        "match_result": "Side 2 (Victoria Steele) wins",
        "match_result_display": "Victoria Steele def. Annette Warner by pinfall (04:03)",
        "match_id": "aac8b767-1d4f-40aa-ac58-ccb2e25caa51",
        "summary_file": "/home/gary/wma/includes/tmp/mayhem-55/match_dark-match.md"
    },
    {
        "position": 101,
        "type": "Match",
        "header": "Dark Match",
        "participants_display": "Da Bad News Baers vs Danny Whitlock, Kaito Tanaka",
        "sides": [
            [
                "Da Bad News Baers"
            ],
            [
                "Danny Whitlock",
                "Kaito Tanaka"
            ]
        ],
        "match_result": "",
        "match_result_display": "",
        "match_id": "69944648-2a68-4c96-848a-6df391295cc9",
        "summary_file": "/home/gary/wma/includes/tmp/mayhem-55/match_dark-match.md"
    },
    {
        "position": 102,
        "type": "Match",
        "header": "Dark Match",
        "participants_display": "&The Monster& Payne vs Russell Bryan",
        "sides": [
            [
                "&The Monster& Payne"
            ],
            [
                "Russell Bryan"
            ]
        ],
        "match_result": "",
        "match_result_display": "",
        "match_id": "da0b145c-5f73-4d49-a0bd-6497875736bd",
        "summary_file": "/home/gary/wma/includes/tmp/mayhem-55/match_dark-match.md"
    },
    {
        "position": 103,
        "type": "Match",
        "header": "WMA Television Championship",
        "participants_display": "Rob Johnson © vs KC Shore",
        "sides": [
            [
                "Rob Johnson ©"
            ],
            [
                "KC Shore"
            ]
        ],
        "match_result": "",
        "match_result_display": "",
        "match_id": "b61f316f-bf90-4c76-98d5-06b5e61894f7",
        "summary_file": "/home/gary/wma/includes/tmp/mayhem-55/match_wma-television-championship.md"
    },
    {
        "position": 104,
        "type": "Match",
        "header": "Interstate Tournament Opening Round Match",
        "participants_display": "Bobby Biceps vs Max Dynamite",
        "sides": [
            [
                "Bobby Biceps"
            ],
            [
                "Max Dynamite"
            ]
        ],
        "match_result": "Side 1 (Bobby Biceps) wins",
        "match_result_display": "Bobby Biceps def. Max Dynamite by submission (12:15)",
        "match_id": "0238f200-8df4-4669-a7df-9576e916b15a",
        "summary_file": "/home/gary/wma/includes/tmp/mayhem-55/match_interstate-tournament-opening-round-match.md"
    },
    {
        "position": 105,
        "type": "Match",
        "header": "Wildcard Tournament Opening Round Match",
        "participants_display": "Heather Kent vs Jessica James",
        "sides": [
            [
                "Heather Kent"
            ],
            [
                "Jessica James"
            ]
        ],
        "match_result": "Side 2 (Jessica James) wins",
        "match_result_display": "Jessica James def. Heather Kent by pinfall (08:27)",
        "match_id": "c65ef8a9-a243-4ddb-8765-c01bcf4b69fb",
        "summary_file": "/home/gary/wma/includes/tmp/mayhem-55/match_wildcard-tournament-opening-round-match.md"
    },
    {
        "position": 106,
        "type": "Match",
        "header": "Interstate Tournament Opening Round Match",
        "participants_display": "Joe Shore vs Tyler Vaughn",
        "sides": [
            [
                "Joe Shore"
            ],
            [
                "Tyler Vaughn"
            ]
        ],
        "match_result": "Side 2 (Tyler Vaughn) wins",
        "match_result_display": "Tyler Vaughn def. Joe Shore by knockout (09:12)",
        "match_id": "0532d518-6507-4bab-a4d8-fc9f02efa7b1",
        "summary_file": "/home/gary/wma/includes/tmp/mayhem-55/match_interstate-tournament-opening-round-match.md"
    },
    {
        "position": 107,
        "type": "Match",
        "header": "Tag-Team Grudge Match",
        "participants_display": "Mad Dogs vs Pumas",
        "sides": [
            [
                "Mad Dogs"
            ],
            [
                "Pumas"
            ]
        ],
        "match_result": "",
        "match_result_display": "",
        "match_id": "db4b67ff-a75e-49b7-bd78-b6c368e586b1",
        "summary_file": "/home/gary/wma/includes/tmp/mayhem-55/match_tag-team-grudge-match.md"
    },
    {
        "position": 108,
        "type": "Match",
        "header": "WMA World Championship - New Orleans Street Fight",
        "participants_display": "\"The Rebel\" Timothy Myers © vs Riddick",
        "sides": [
            [
                "\"The Rebel\" Timothy Myers ©"
            ],
            [
                "Riddick"
            ]
        ],
        "match_result": "Side 1 (\"The Rebel\" Timothy Myers ©) wins",
        "match_result_display": "\"The Rebel\" Timothy Myers © def. Riddick by knockout (16:46)",
        "match_id": "03af69f3-d823-4316-9c2d-8e79f8c86113",
        "summary_file": "/home/gary/wma/includes/tmp/mayhem-55/match_wma-world-championship-new-orleans-street-fight.md"
    }
]