[
    {
        "position": 100,
        "type": "Match",
        "header": "Dark Match",
        "participants_display": "Angelo Rios, Roman Baldwin vs Happy Faces",
        "sides": [
            [
                "Angelo Rios, Roman Baldwin"
            ],
            [
                "Happy Faces"
            ]
        ],
        "match_result": "",
        "match_result_display": "",
        "match_id": "6069e721-1bb9-4559-a53c-ecf2897b2415",
        "summary_file": "/home/gary/wma/includes/tmp/mayhem-51/match_dark-match.md"
    },
    {
        "position": 101,
        "type": "Match",
        "header": "Dark Match",
        "participants_display": "Jessica James vs Tasha Barnes",
        "sides": [
            [
                "Jessica James"
            ],
            [
                "Tasha Barnes"
            ]
        ],
        "match_result": "Side 1 (Jessica James) wins",
        "match_result_display": "Jessica James def. Tasha Barnes by submission (05:03)",
        "match_id": "9e3e18fe-a78b-4d8a-9361-3a0a78b90c0c",
        "summary_file": "/home/gary/wma/includes/tmp/mayhem-51/match_dark-match.md"
    },
    {
        "position": 102,
        "type": "Match",
        "header": "Dark Match",
        "participants_display": "Da Bad News Baers vs Walkers",
        "sides": [
            [
                "Da Bad News Baers"
            ],
            [
                "Walkers"
            ]
        ],
        "match_result": "",
        "match_result_display": "",
        "match_id": "801231cd-00b9-42f5-b95e-d80ece404cd0",
        "summary_file": "/home/gary/wma/includes/tmp/mayhem-51/match_dark-match.md"
    },
    {
        "position": 103,
        "type": "Match",
        "header": "Tag-Team Match",
        "participants_display": "Carla Rivera, Jackie Scott vs Piper Pepper, Heather Kent",
        "sides": [
            [
                "Carla Rivera",
                "Jackie Scott"
            ],
            [
                "Piper Pepper",
                "Heather Kent"
            ]
        ],
        "match_result": "",
        "match_result_display": "",
        "match_id": "a433378d-934b-45db-b065-c98af5007d36",
        "summary_file": "/home/gary/wma/includes/tmp/mayhem-51/match_tag-team-match.md"
    },
    {
        "position": 104,
        "type": "Match",
        "header": "Special Match",
        "participants_display": "Doug Garner, Rick Soto vs Manuel Espinoza, Porfirio Rosario",
        "sides": [
            [
                "Doug Garner, Rick Soto"
            ],
            [
                "Manuel Espinoza",
                "Porfirio Rosario"
            ]
        ],
        "match_result": "",
        "match_result_display": "",
        "match_id": "949e1f8a-4a1f-4c47-8ae4-3237024b259b",
        "summary_file": "/home/gary/wma/includes/tmp/mayhem-51/match_special-match.md"
    },
    {
        "position": 105,
        "type": "Match",
        "header": "Men's Trios Match",
        "participants_display": "Air America, TJ Valentine vs Pumas, Apalachi",
        "sides": [
            [
                "Air America, TJ Valentine"
            ],
            [
                "Pumas, Apalachi"
            ]
        ],
        "match_result": "",
        "match_result_display": "",
        "match_id": "a121e921-6693-4223-b5bb-94869b3a770e",
        "summary_file": "/home/gary/wma/includes/tmp/mayhem-51/match_men-s-trios-match.md"
    },
    {
        "position": 106,
        "type": "Match",
        "header": "Singles Match",
        "participants_display": "Extreme Randy vs Johnny Destruction",
        "sides": [
            [
                "Extreme Randy"
            ],
            [
                "Johnny Destruction"
            ]
        ],
        "match_result": "Side 2 (Johnny Destruction) wins",
        "match_result_display": "Johnny Destruction def. Extreme Randy by pinfall (00:22)",
        "match_id": "68dd3cff-60db-4800-843a-b6f9722f8980",
        "summary_file": "/home/gary/wma/includes/tmp/mayhem-51/match_singles-match.md"
    },
    {
        "position": 107,
        "type": "Match",
        "header": "Tag-Team Match",
        "participants_display": "Abigail James, Danielle Marks vs Desiree Maxwell, Samantha Cannon",
        "sides": [
            [
                "Abigail James",
                "Danielle Marks"
            ],
            [
                "Desiree Maxwell",
                "Samantha Cannon"
            ]
        ],
        "match_result": "",
        "match_result_display": "",
        "match_id": "aabfde0d-5538-40be-87c0-982b5b2c50da",
        "summary_file": "/home/gary/wma/includes/tmp/mayhem-51/match_tag-team-match.md"
    },
    {
        "position": 108,
        "type": "Match",
        "header": "Main Event – Grudge Match",
        "participants_display": "Rage Blackwolf vs Vincent Van Ives",
        "sides": [
            [
                "Rage Blackwolf"
            ],
            [
                "Vincent Van Ives"
            ]
        ],
        "match_result": "Side 2 (Vincent Van Ives) wins",
        "match_result_display": "Vincent Van Ives def. Rage Blackwolf by pinfall (17:34)",
        "match_id": "9b4a632e-9d63-4ba3-af59-e7a2939dceea",
        "summary_file": "/home/gary/wma/includes/tmp/mayhem-51/match_main-event-grudge-match.md"
    }
]