[
    {
        "position": 1,
        "type": "Match",
        "header": "Dark Match",
        "participants_display": "Ranger Ross vs Bill Long",
        "sides": [
            [
                "Ranger Ross"
            ],
            [
                "Bill Long"
            ]
        ],
        "match_result": "Side 1 (Ranger Ross) wins",
        "match_result_display": "Ranger Ross def. Bill Long by submission (03:04)",
        "match_id": "4f09e162-61bd-475e-82e9-90729a429326",
        "summary_file": "/home/gary/wma/includes/tmp/mayhem-5/match_dark-match_1.md"
    },
    {
        "position": 2,
        "type": "Match",
        "header": "Dark Match",
        "participants_display": "Jessica James vs Mackenzie Henson",
        "sides": [
            [
                "Jessica James"
            ],
            [
                "Mackenzie Henson"
            ]
        ],
        "match_result": "Side 1 (Jessica James) wins",
        "match_result_display": "Jessica James def. Mackenzie Henson by pinfall (09:21)",
        "match_id": "1af3587f-c7f5-4c8b-9a24-fd43cf172d83",
        "summary_file": "/home/gary/wma/includes/tmp/mayhem-5/match_dark-match_2.md"
    },
    {
        "position": 3,
        "type": "Match",
        "header": "Dark Match",
        "participants_display": "Anastasia Phoenix, Dana Diamond vs Cora Quinn, Marie Ross",
        "sides": [
            [
                "Anastasia Phoenix",
                "Dana Diamond"
            ],
            [
                "Cora Quinn",
                "Marie Ross"
            ]
        ],
        "match_result": "Side 1 (Anastasia Phoenix, Dana Diamond) wins",
        "match_result_display": "Anastasia Phoenix, Dana Diamond def. Cora Quinn, Marie Ross by pinfall (04:12)",
        "match_id": "6de3df86-db51-4d65-a17e-e35fe7c770de",
        "summary_file": "/home/gary/wma/includes/tmp/mayhem-5/match_dark-match_3.md"
    },
    {
        "position": 6,
        "type": "Match",
        "header": "Heavyweight Tournament First Round Match",
        "participants_display": "Jamey Kingston vs Joe Shore",
        "sides": [
            [
                "Jamey Kingston"
            ],
            [
                "Joe Shore"
            ]
        ],
        "match_result": "Side 1 (Jamey Kingston) wins",
        "match_result_display": "Jamey Kingston def. Joe Shore by pinfall (07:53)",
        "match_id": "b4eb99eb-b86e-4230-aa72-8443b6d94074",
        "summary_file": "/home/gary/wma/includes/tmp/mayhem-5/match_heavyweight-tournament-first-round-match_6.md"
    },
    {
        "position": 7,
        "type": "Match",
        "header": "Heavyweight Championship Tournament First Round Match",
        "participants_display": "Fitzgerald vs Alexi Chambers",
        "sides": [
            [
                "Fitzgerald"
            ],
            [
                "Alexi Chambers"
            ]
        ],
        "match_result": "Side 2 (Alexi Chambers) wins",
        "match_result_display": "Alexi Chambers def. Fitzgerald by pinfall (05:59)",
        "match_id": "2e4707c5-3355-4110-b182-5e56eab0afb9",
        "summary_file": "/home/gary/wma/includes/tmp/mayhem-5/match_heavyweight-championship-tournament-first-round-match_7.md"
    },
    {
        "position": 8,
        "type": "Match",
        "header": "Tag-Team Tournament Qualifier",
        "participants_display": "Adrenaline vs Las Chicas Viciosas",
        "sides": [
            [
                "Candice Whitehall",
                " Gina Cook"
            ],
            [
                "Elena Sanchez",
                "Rita Gomez"
            ]
        ],
        "match_result": "Side 2 (Elena Sanchez, Rita Gomez) wins",
        "match_result_display": "Las Chicas Viciosas (Elena Sanchez, Rita Gomez) def. Adrenaline (Candice Whitehall,  Gina Cook) by pinfall (08:49)",
        "match_id": "c1ac0cbe-6946-4a0f-8881-b18dc935bd5e",
        "summary_file": "/home/gary/wma/includes/tmp/mayhem-5/match_tag-team-tournament-qualifier_8.md"
    },
    {
        "position": 9,
        "type": "Match",
        "header": "Heavyweight Championship Tournament First Round Match",
        "participants_display": "TJ Valentine vs Michael King",
        "sides": [
            [
                "TJ Valentine"
            ],
            [
                "Michael King"
            ]
        ],
        "match_result": "Side 1 (TJ Valentine) wins",
        "match_result_display": "TJ Valentine def. Michael King by pinfall (10:17)",
        "match_id": "544fb5d6-574f-4790-b8b4-2416292c1e3a",
        "summary_file": "/home/gary/wma/includes/tmp/mayhem-5/match_heavyweight-championship-tournament-first-round-match_9.md"
    },
    {
        "position": 10,
        "type": "Match",
        "header": "Heavyweight Championship Tournament First Round Match",
        "participants_display": "Jim Brady vs Scott Ashton",
        "sides": [
            [
                "Jim Brady"
            ],
            [
                "Scott Ashton"
            ]
        ],
        "match_result": "Side 1 (Jim Brady) wins",
        "match_result_display": "Jim Brady def. Scott Ashton by pinfall (09:16)",
        "match_id": "4a7e151c-45e4-4804-8328-bf897d79dde3",
        "summary_file": "/home/gary/wma/includes/tmp/mayhem-5/match_heavyweight-championship-tournament-first-round-match_10.md"
    },
    {
        "position": 11,
        "type": "Match",
        "header": "Main Event",
        "participants_display": "The Mad Dogs vs The Texas Badlanders",
        "sides": [
            [
                "Mad Dog Bark",
                " Mad Dog Bite"
            ],
            [
                "Frank Roberts",
                " Bill McGraw"
            ]
        ],
        "match_result": "Side 1 (Mad Dog Bark,  Mad Dog Bite) wins",
        "match_result_display": "The Mad Dogs (Mad Dog Bark,  Mad Dog Bite) def. The Texas Badlanders (Frank Roberts,  Bill McGraw) by pinfall to win the WMA World Tag-Team Championship (08:36)",
        "match_id": "05e8d7b4-e8a3-44ae-9a16-18bcd7400efa",
        "summary_file": "/home/gary/github/slamsim/includes/tmp/mayhem-5/match_main-event_11.md"
    }
]