[
    {
        "participants_display": "Purple Rime, Red Mist vs Jonathan Cruz, Rick Soto",
        "sides": [
            [
                "Purple Rime",
                "Red Mist"
            ],
            [
                "Jonathan Cruz, Rick Soto"
            ]
        ],
        "match_time": "03:10",
        "match_championship": "",
        "match_class": "handicap",
        "winning_side_index": -1,
        "individual_results": {
            "Purple Rime": "No Contest",
            "Red Mist": "No Contest",
            "Jonathan Cruz, Rick Soto": "No Contest"
        },
        "team_results": {
            "Sacred Dragons": "No Contest"
        },
        "sync_teams_to_individuals": true,
        "match_result": "",
        "winner_method": "pinfall",
        "match_result_display": "",
        "match_visibility": {
            "hide_from_card": true,
            "hide_summary": true,
            "hide_result": false
        },
        "warnings": [],
        "segment_position": 1,
        "match_id": "d674cbb1-ef79-41ec-9fdc-91eaac8c63d8"
    },
    {
        "participants_display": "Fred Lambert vs Malcolm Cross",
        "sides": [
            [
                "Fred Lambert"
            ],
            [
                "Malcolm Cross"
            ]
        ],
        "match_time": "00:40",
        "match_championship": "",
        "match_class": "singles",
        "winning_side_index": 1,
        "individual_results": {
            "Fred Lambert": "Loss",
            "Malcolm Cross": "Win"
        },
        "team_results": {},
        "sync_teams_to_individuals": true,
        "match_result": "Side 2 (Malcolm Cross) wins",
        "winner_method": "pinfall",
        "match_result_display": "Malcolm Cross def. Fred Lambert by pinfall (00:40)",
        "match_visibility": {
            "hide_from_card": true,
            "hide_summary": true,
            "hide_result": false
        },
        "warnings": [],
        "segment_position": 2,
        "match_id": "069d169c-02dd-46bb-8b07-1558bed4d893"
    },
    {
        "participants_display": "Elena Sanchez, Rita Gomez vs Jenna Powell, Kari Ortiz",
        "sides": [
            [
                "Elena Sanchez",
                "Rita Gomez"
            ],
            [
                "Jenna Powell, Kari Ortiz"
            ]
        ],
        "match_time": "01:58",
        "match_championship": "",
        "match_class": "handicap",
        "winning_side_index": -1,
        "individual_results": {
            "Elena Sanchez": "No Contest",
            "Rita Gomez": "No Contest",
            "Jenna Powell, Kari Ortiz": "No Contest"
        },
        "team_results": {
            "Las Chicas Viciosas": "No Contest"
        },
        "sync_teams_to_individuals": true,
        "match_result": "",
        "winner_method": "pinfall",
        "match_result_display": "",
        "match_visibility": {
            "hide_from_card": true,
            "hide_summary": true,
            "hide_result": false
        },
        "warnings": [],
        "segment_position": 3,
        "match_id": "d6371b3d-fd4e-4c87-9e7d-ef8b3e545244"
    },
    {
        "participants_display": "Pauline Schneider vs Piper Pepper",
        "sides": [
            [
                "Pauline Schneider"
            ],
            [
                "Piper Pepper"
            ]
        ],
        "match_time": "02:12",
        "match_championship": "",
        "match_class": "singles",
        "winning_side_index": 1,
        "individual_results": {
            "Pauline Schneider": "Loss",
            "Piper Pepper": "Win"
        },
        "team_results": {},
        "sync_teams_to_individuals": true,
        "match_result": "Side 2 (Piper Pepper) wins",
        "winner_method": "pinfall",
        "match_result_display": "Piper Pepper def. Pauline Schneider by pinfall (02:12)",
        "match_visibility": {
            "hide_from_card": true,
            "hide_summary": true,
            "hide_result": false
        },
        "warnings": [],
        "segment_position": 4,
        "match_id": "52cc280f-3645-4104-9c95-abd93e2c30e9"
    },
    {
        "participants_display": "Happy Jack, Happy Sam vs The Masked Crushers",
        "sides": [
            [
                "Happy Jack",
                "Happy Sam"
            ],
            [
                "The Masked Crushers"
            ]
        ],
        "match_time": "05:39",
        "match_championship": "",
        "match_class": "handicap",
        "winning_side_index": -1,
        "individual_results": {
            "Happy Jack": "No Contest",
            "Happy Sam": "No Contest",
            "The Masked Crushers": "No Contest"
        },
        "team_results": {
            "The Happy Faces": "No Contest"
        },
        "sync_teams_to_individuals": true,
        "match_result": "",
        "winner_method": "pinfall",
        "match_result_display": "",
        "match_visibility": {
            "hide_from_card": false,
            "hide_summary": false,
            "hide_result": false
        },
        "warnings": [],
        "segment_position": 5,
        "match_id": "b75cf2f0-34d7-41f0-a4f9-2e5bda7ff2b9"
    },
    {
        "participants_display": "Carla Rivera, Jackie Scott vs Moon Child, Tabitha Ray",
        "sides": [
            [
                "Carla Rivera",
                "Jackie Scott"
            ],
            [
                "Moon Child",
                "Tabitha Ray"
            ]
        ],
        "match_time": "07:36",
        "match_championship": "",
        "match_class": "tag",
        "winning_side_index": -1,
        "individual_results": {
            "Carla Rivera": "No Contest",
            "Jackie Scott": "No Contest",
            "Moon Child": "No Contest",
            "Tabitha Ray": "No Contest"
        },
        "team_results": {
            "Leather Angels": "No Contest",
            "Moon Ray": "No Contest"
        },
        "sync_teams_to_individuals": true,
        "match_result": "",
        "winner_method": "pinfall",
        "match_result_display": "",
        "match_visibility": {
            "hide_from_card": false,
            "hide_summary": false,
            "hide_result": false
        },
        "warnings": [],
        "segment_position": 6,
        "match_id": "7c8c50b8-d752-4f8a-be70-02a92734a76d"
    },
    {
        "participants_display": "Alexi Chambers vs Max Dynamite",
        "sides": [
            [
                "Alexi Chambers"
            ],
            [
                "Max Dynamite"
            ]
        ],
        "match_time": "14:12",
        "match_championship": "",
        "match_class": "singles",
        "winning_side_index": 1,
        "individual_results": {
            "Alexi Chambers": "Loss",
            "Max Dynamite": "Win"
        },
        "team_results": {},
        "sync_teams_to_individuals": true,
        "match_result": "Side 2 (Max Dynamite) wins",
        "winner_method": "pinfall",
        "match_result_display": "Max Dynamite def. Alexi Chambers by pinfall (14:12)",
        "match_visibility": {
            "hide_from_card": false,
            "hide_summary": false,
            "hide_result": false
        },
        "warnings": [],
        "segment_position": 7,
        "match_id": "2721bc90-7a6c-4930-bdea-9edcd10c3bea"
    },
    {
        "participants_display": "Mis-Fitz vs Bobby Biceps, Fox Kelly",
        "sides": [
            [
                "Mis-Fitz"
            ],
            [
                "Bobby Biceps",
                "Fox Kelly"
            ]
        ],
        "match_time": "05:18",
        "match_championship": "",
        "match_class": "handicap",
        "winning_side_index": 0,
        "individual_results": {
            "Mis-Fitz": "Win",
            "Bobby Biceps": "Loss",
            "Fox Kelly": "Loss"
        },
        "team_results": {},
        "sync_teams_to_individuals": true,
        "match_result": "Side 1 (Mis-Fitz) wins",
        "winner_method": "disqualification",
        "match_result_display": "Mis-Fitz def. Bobby Biceps, Fox Kelly by disqualification (05:18)",
        "match_visibility": {
            "hide_from_card": false,
            "hide_summary": false,
            "hide_result": false
        },
        "warnings": [],
        "segment_position": 8,
        "match_id": "0139c27a-a2d0-4848-af58-ab8c884b98e2"
    },
    {
        "participants_display": "Jim Brady, Rob Johnson vs Shadow Walker",
        "sides": [
            [
                "Jim Brady",
                "Rob Johnson"
            ],
            [
                "Shadow Walker"
            ]
        ],
        "match_time": "08:06",
        "match_championship": "",
        "match_class": "handicap",
        "winning_side_index": -1,
        "individual_results": {
            "Jim Brady": "No Contest",
            "Rob Johnson": "No Contest",
            "Shadow Walker": "No Contest"
        },
        "team_results": {
            "Leaders Not Followers": "No Contest"
        },
        "sync_teams_to_individuals": true,
        "match_result": "",
        "winner_method": "pinfall",
        "match_result_display": "",
        "match_visibility": {
            "hide_from_card": false,
            "hide_summary": false,
            "hide_result": false
        },
        "warnings": [],
        "segment_position": 9,
        "match_id": "91728d5c-f6e6-4f26-bf88-4affac38fd4b"
    },
    {
        "participants_display": "Apryl Raser vs Jessica James",
        "sides": [
            [
                "Apryl Raser"
            ],
            [
                "Jessica James"
            ]
        ],
        "match_time": "18:10",
        "match_championship": "",
        "match_class": "singles",
        "winning_side_index": 0,
        "individual_results": {
            "Apryl Raser": "Win",
            "Jessica James": "Loss"
        },
        "team_results": {},
        "sync_teams_to_individuals": true,
        "match_result": "Side 1 (Apryl Raser) wins",
        "winner_method": "pinfall",
        "match_result_display": "Apryl Raser def. Jessica James by pinfall (18:10)",
        "match_visibility": {
            "hide_from_card": false,
            "hide_summary": false,
            "hide_result": false
        },
        "warnings": [],
        "segment_position": 10,
        "match_id": "ef6287cd-4acb-47cf-a384-b1102e7b10ec"
    },
    {
        "participants_display": "Rage Blackwolf vs Riddick",
        "sides": [
            [
                "Rage Blackwolf"
            ],
            [
                "Riddick"
            ]
        ],
        "match_time": "10:07",
        "match_championship": "",
        "match_class": "singles",
        "winning_side_index": 1,
        "individual_results": {
            "Rage Blackwolf": "Loss",
            "Riddick": "Win"
        },
        "team_results": {},
        "sync_teams_to_individuals": true,
        "match_result": "Side 2 (Riddick) wins",
        "winner_method": "pinfall",
        "match_result_display": "Riddick def. Rage Blackwolf by pinfall (10:07)",
        "match_visibility": {
            "hide_from_card": false,
            "hide_summary": false,
            "hide_result": false
        },
        "warnings": [],
        "segment_position": 11,
        "match_id": "ac436276-6984-4bff-b266-3fb49c4dc591"
    }
]