[
    {
        "position": 100,
        "type": "Match",
        "header": "Dark Match",
        "participants_display": "Troy Stone, Reed Cutter vs Da Bad News Baers",
        "sides": [
            [
                "Troy Stone",
                "Reed Cutter"
            ],
            [
                "Da Bad News Baers"
            ]
        ],
        "match_result": "",
        "match_result_display": "",
        "match_id": "cfdd4356-a33c-49ac-9ce7-c6528f0a223e",
        "summary_file": "/home/gary/wma/includes/tmp/mayhem-53/match_dark-match.md"
    },
    {
        "position": 101,
        "type": "Match",
        "header": "Dark Match",
        "participants_display": "Anette Warner vs Mandy Matthews",
        "sides": [
            [
                "Anette Warner"
            ],
            [
                "Mandy Matthews"
            ]
        ],
        "match_result": "Side 2 (Mandy Matthews) wins",
        "match_result_display": "Mandy Matthews def. Anette Warner by submission (04:29)",
        "match_id": "46db2c77-addd-4390-af99-2546af99d451",
        "summary_file": "/home/gary/wma/includes/tmp/mayhem-53/match_dark-match.md"
    },
    {
        "position": 102,
        "type": "Match",
        "header": "Dark Match",
        "participants_display": "Pumas vs Corey Moore, Rick Soto",
        "sides": [
            [
                "Pumas"
            ],
            [
                "Corey Moore, Rick Soto"
            ]
        ],
        "match_result": "",
        "match_result_display": "",
        "match_id": "46840083-240e-4997-84b1-430d7ff7c3aa",
        "summary_file": "/home/gary/wma/includes/tmp/mayhem-53/match_dark-match.md"
    },
    {
        "position": 103,
        "type": "Match",
        "header": "Women Tag-Team #1 Contenders 4-Way",
        "participants_display": "Amber Sloane, Tammy Terrel vs Dana Diamond, Kiara Haddad vs Piper Pepper, Heather Kent vs Desiree Maxwell, Samantha Cannon",
        "sides": [
            [
                "Amber Sloane",
                "Tammy Terrel"
            ],
            [
                "Dana Diamond",
                "Kiara Haddad"
            ],
            [
                "Piper Pepper",
                "Heather Kent"
            ],
            [
                "Desiree Maxwell",
                "Samantha Cannon"
            ]
        ],
        "match_result": "",
        "match_result_display": "",
        "match_id": "77b17ff7-3de8-4486-9bf0-552a2d44de98",
        "summary_file": "/home/gary/wma/includes/tmp/mayhem-53/match_women-tag-team-1-contenders-4-way.md"
    },
    {
        "position": 104,
        "type": "Match",
        "header": "Double Gauntlet Round 1 Match",
        "participants_display": "Jim Brady vs Johnny Destruction",
        "sides": [
            [
                "Jim Brady"
            ],
            [
                "Johnny Destruction"
            ]
        ],
        "match_result": "Side 2 (Johnny Destruction) wins",
        "match_result_display": "Johnny Destruction def. Jim Brady by pinfall (08:53)",
        "match_id": "10d39808-88a1-48d0-b8ca-e8334552a2ab",
        "summary_file": "/home/gary/wma/includes/tmp/mayhem-53/match_double-gauntlet-round-1-match.md"
    },
    {
        "position": 105,
        "type": "Match",
        "header": "Double Gauntlet Round 1 Match",
        "participants_display": "Adrian Waters vs Rick Walker",
        "sides": [
            [
                "Adrian Waters"
            ],
            [
                "Rick Walker"
            ]
        ],
        "match_result": "Side 2 (Rick Walker) wins",
        "match_result_display": "Rick Walker def. Adrian Waters by pinfall (12:11)",
        "match_id": "cc9de111-bf05-4d30-b14a-9549e259abbd",
        "summary_file": "/home/gary/wma/includes/tmp/mayhem-53/match_double-gauntlet-round-1-match.md"
    },
    {
        "position": 106,
        "type": "Match",
        "header": "Double Gauntlet Round 2 Match",
        "participants_display": "Garrison vs Johnny Destruction",
        "sides": [
            [
                "Garrison"
            ],
            [
                "Johnny Destruction"
            ]
        ],
        "match_result": "Side 1 (Garrison) wins",
        "match_result_display": "Garrison def. Johnny Destruction by knockout (06:49)",
        "match_id": "98e06132-9c51-457f-a34a-d2f9dc44128b",
        "summary_file": "/home/gary/wma/includes/tmp/mayhem-53/match_double-gauntlet-round-2-match.md"
    },
    {
        "position": 107,
        "type": "Match",
        "header": "Double Gauntlet Round 3 Match",
        "participants_display": "Garrison vs Zach Gordon",
        "sides": [
            [
                "Garrison"
            ],
            [
                "Zach Gordon"
            ]
        ],
        "match_result": "Side 1 (Garrison) wins",
        "match_result_display": "Garrison def. Zach Gordon by submission (07:38)",
        "match_id": "d439e418-030d-461a-8094-bd78c12dcb91",
        "summary_file": "/home/gary/wma/includes/tmp/mayhem-53/match_double-gauntlet-round-3-match.md"
    },
    {
        "position": 108,
        "type": "Match",
        "header": "Double Gauntlet Round 2 Match",
        "participants_display": "Apalachi vs Rick Walker",
        "sides": [
            [
                "Apalachi"
            ],
            [
                "Rick Walker"
            ]
        ],
        "match_result": "Side 2 (Rick Walker) wins",
        "match_result_display": "Rick Walker def. Apalachi by pinfall (13:19)",
        "match_id": "064565db-0fd0-43eb-a643-989162985dd5",
        "summary_file": "/home/gary/wma/includes/tmp/mayhem-53/match_double-gauntlet-round-2-match.md"
    },
    {
        "position": 109,
        "type": "Match",
        "header": "Double Gauntlet Round 3 Match",
        "participants_display": "“Wild” Bill McGraw vs Rick Walker",
        "sides": [
            [
                "“Wild” Bill McGraw"
            ],
            [
                "Rick Walker"
            ]
        ],
        "match_result": "Side 2 (Rick Walker) wins",
        "match_result_display": "Rick Walker def. “Wild” Bill McGraw (02:51)",
        "match_id": "31ca42d7-b149-40c2-9558-4e6ed7bbbe4d",
        "summary_file": "/home/gary/wma/includes/tmp/mayhem-53/match_double-gauntlet-round-3-match.md"
    },
    {
        "position": 110,
        "type": "Match",
        "header": "Double Gauntlet Round 4 Match",
        "participants_display": "Garrison vs “The Monster” Payne",
        "sides": [
            [
                "Garrison"
            ],
            [
                "“The Monster” Payne"
            ]
        ],
        "match_result": "Side 1 (Garrison) wins",
        "match_result_display": "Garrison def. “The Monster” Payne by submission (08:30)",
        "match_id": "71119387-fd16-43f4-9d28-93f156e0bbe6",
        "summary_file": "/home/gary/wma/includes/tmp/mayhem-53/match_double-gauntlet-round-4-match.md"
    },
    {
        "position": 111,
        "type": "Match",
        "header": "Double Gauntlet Round 4 Match",
        "participants_display": "Rick Walker vs Riddick",
        "sides": [
            [
                "Rick Walker"
            ],
            [
                "Riddick"
            ]
        ],
        "match_result": "Side 2 (Riddick) wins",
        "match_result_display": "Riddick def. Rick Walker by count-out (04:47)",
        "match_id": "b1755af1-e980-49a7-b6ba-6907f643851c",
        "summary_file": "/home/gary/wma/includes/tmp/mayhem-53/match_double-gauntlet-round-4-match.md"
    },
    {
        "position": 112,
        "type": "Match",
        "header": "The Double Gauntlet",
        "participants_display": "TBA",
        "sides": [
            [
                "TBA"
            ]
        ],
        "match_result": "",
        "match_result_display": "",
        "match_id": "a30680e9-3067-42f3-b2ec-48a6f0e9d013",
        "summary_file": "/home/gary/wma/includes/tmp/mayhem-53/match_the-double-gauntlet.md"
    },
    {
        "position": 113,
        "type": "Match",
        "header": "Men Tag-Team #1 Contenders Match",
        "participants_display": "Boon Ford, Buck Ford vs Void",
        "sides": [
            [
                "Boon Ford",
                "Buck Ford"
            ],
            [
                "Void"
            ]
        ],
        "match_result": "",
        "match_result_display": "",
        "match_id": "f67fdd7a-bcfa-4b8c-b6a4-ffbba9027eb5",
        "summary_file": "/home/gary/wma/includes/tmp/mayhem-53/match_men-tag-team-1-contenders-match.md"
    },
    {
        "position": 114,
        "type": "Match",
        "header": "WMA Women's Tag-Team Championship",
        "participants_display": "Las Chicas Viciosas (c) vs ???",
        "sides": [
            [
                "Las Chicas Viciosas (c)"
            ],
            [
                "???"
            ]
        ],
        "match_result": "Side 1 (Las Chicas Viciosas (c)) wins",
        "match_result_display": "Las Chicas Viciosas (c) def. ??? by pinfall (11:49)",
        "match_id": "5d8d48b7-b8ba-4a29-8b7c-4aca50a2f46c",
        "summary_file": "/home/gary/wma/includes/tmp/mayhem-53/match_wma-women-s-tag-team-championship.md"
    }
]