[
    {
        "participants_display": "Fitzgerald vs Fox Kelly",
        "sides": [
            [
                "Fitzgerald"
            ],
            [
                "Fox Kelly"
            ]
        ],
        "match_time": "11:55",
        "match_championship": "",
        "match_class": "singles",
        "winning_side_index": 0,
        "individual_results": {
            "Fitzgerald": "Win",
            "Fox Kelly": "Loss"
        },
        "team_results": {},
        "sync_teams_to_individuals": true,
        "match_result": "Side 1 (Fitzgerald) wins",
        "winner_method": "pinfall",
        "match_result_display": "Fitzgerald def. Fox Kelly by pinfall (11:55)",
        "match_visibility": {
            "hide_from_card": false,
            "hide_summary": false,
            "hide_result": false
        },
        "warnings": [],
        "segment_position": 100,
        "match_id": "cd38872c-cde7-4473-946a-e659fe22e710"
    },
    {
        "participants_display": "Anastasia Phoenix vs Gina Cook",
        "sides": [
            [
                "Anastasia Phoenix"
            ],
            [
                "Gina Cook"
            ]
        ],
        "match_time": "07:27",
        "match_championship": "",
        "match_class": "singles",
        "winning_side_index": 0,
        "individual_results": {
            "Anastasia Phoenix": "Win",
            "Gina Cook": "Loss"
        },
        "team_results": {},
        "sync_teams_to_individuals": true,
        "match_result": "Side 1 (Anastasia Phoenix) wins",
        "winner_method": "pinfall",
        "match_result_display": "Anastasia Phoenix def. Gina Cook by pinfall (07:27)",
        "match_visibility": {
            "hide_from_card": false,
            "hide_summary": false,
            "hide_result": false
        },
        "warnings": [],
        "segment_position": 101,
        "match_id": "65012892-ca01-4534-84fe-f8c8e04bdd47"
    },
    {
        "participants_display": "Adrian Waters vs Michael King",
        "sides": [
            [
                "Adrian Waters"
            ],
            [
                "Michael King"
            ]
        ],
        "match_time": "04:30",
        "match_championship": "",
        "match_class": "singles",
        "winning_side_index": 0,
        "individual_results": {
            "Adrian Waters": "Win",
            "Michael King": "Loss"
        },
        "team_results": {},
        "sync_teams_to_individuals": true,
        "match_result": "Side 1 (Adrian Waters) wins",
        "winner_method": "pinfall",
        "match_result_display": "Adrian Waters def. Michael King by pinfall (04:30)",
        "match_visibility": {
            "hide_from_card": false,
            "hide_summary": false,
            "hide_result": false
        },
        "warnings": [],
        "segment_position": 102,
        "match_id": "22409c32-98ac-436a-baf6-2f27ab5c4907"
    },
    {
        "participants_display": "Mad Dogs vs ???",
        "sides": [
            [
                "Mad Dogs"
            ],
            [
                "???"
            ]
        ],
        "match_time": "18:51",
        "match_championship": "",
        "match_class": "singles",
        "winning_side_index": -1,
        "individual_results": {
            "Mad Dogs": "No Contest",
            "???": "No Contest"
        },
        "team_results": {},
        "sync_teams_to_individuals": true,
        "match_result": "",
        "winner_method": "pinfall",
        "match_result_display": "",
        "match_visibility": {
            "hide_from_card": false,
            "hide_summary": false,
            "hide_result": false
        },
        "warnings": [],
        "segment_position": 103,
        "match_id": "2ffcbb32-5534-4d62-a111-cf261e982e42"
    },
    {
        "participants_display": "Happy Faces vs Pumas",
        "sides": [
            [
                "Happy Faces"
            ],
            [
                "Pumas"
            ]
        ],
        "match_time": "11:02",
        "match_championship": "",
        "match_class": "singles",
        "winning_side_index": -1,
        "individual_results": {
            "Happy Faces": "No Contest",
            "Pumas": "No Contest"
        },
        "team_results": {},
        "sync_teams_to_individuals": true,
        "match_result": "",
        "winner_method": "pinfall",
        "match_result_display": "",
        "match_visibility": {
            "hide_from_card": false,
            "hide_summary": false,
            "hide_result": false
        },
        "warnings": [],
        "segment_position": 104,
        "match_id": "9e6894bd-a612-41ff-a71f-87683243a5c4"
    },
    {
        "participants_display": "KC Shore (c) vs Rob Johnson",
        "sides": [
            [
                "KC Shore (c)"
            ],
            [
                "Rob Johnson"
            ]
        ],
        "match_time": "22:14",
        "match_championship": "wma-television-championship-73c8",
        "match_class": "singles",
        "winning_side_index": 1,
        "individual_results": {
            "KC Shore (c)": "Loss",
            "Rob Johnson": "Win"
        },
        "team_results": {},
        "sync_teams_to_individuals": true,
        "match_result": "Side 2 (Rob Johnson) wins",
        "winner_method": "pinfall",
        "match_result_display": "Rob Johnson def. KC Shore (c) by pinfall (22:14)",
        "match_visibility": {
            "hide_from_card": false,
            "hide_summary": false,
            "hide_result": false
        },
        "warnings": [],
        "segment_position": 105,
        "match_id": "a18f0656-03ef-4534-af18-40402c589c19"
    },
    {
        "participants_display": "Apalachi vs Joe Lynch",
        "sides": [
            [
                "Apalachi"
            ],
            [
                "Joe Lynch"
            ]
        ],
        "match_time": "01:43",
        "match_championship": "",
        "match_class": "singles",
        "winning_side_index": 0,
        "individual_results": {
            "Apalachi": "Win",
            "Joe Lynch": "Loss"
        },
        "team_results": {},
        "sync_teams_to_individuals": true,
        "match_result": "Side 1 (Apalachi) wins",
        "winner_method": "pinfall",
        "match_result_display": "Apalachi def. Joe Lynch by pinfall (01:43)",
        "match_visibility": {
            "hide_from_card": true,
            "hide_summary": true,
            "hide_result": false
        },
        "warnings": [],
        "segment_position": 106,
        "match_id": "12237941-2478-48eb-b7ff-a7d8e92a274a"
    },
    {
        "participants_display": "Corey Moore, Patrick Baily vs Void",
        "sides": [
            [
                "Corey Moore, Patrick Baily"
            ],
            [
                "Void"
            ]
        ],
        "match_time": "02:02",
        "match_championship": "",
        "match_class": "singles",
        "winning_side_index": -1,
        "individual_results": {
            "Corey Moore, Patrick Baily": "No Contest",
            "Void": "No Contest"
        },
        "team_results": {},
        "sync_teams_to_individuals": true,
        "match_result": "",
        "winner_method": "pinfall",
        "match_result_display": "",
        "match_visibility": {
            "hide_from_card": true,
            "hide_summary": true,
            "hide_result": false
        },
        "warnings": [],
        "segment_position": 107,
        "match_id": "bc6dedcb-5842-45bf-bc01-1afe053824f5"
    },
    {
        "participants_display": "Kevin Ramirez vs Rick Walker",
        "sides": [
            [
                "Kevin Ramirez"
            ],
            [
                "Rick Walker"
            ]
        ],
        "match_time": "05:37",
        "match_championship": "",
        "match_class": "singles",
        "winning_side_index": 1,
        "individual_results": {
            "Kevin Ramirez": "Loss",
            "Rick Walker": "Win"
        },
        "team_results": {},
        "sync_teams_to_individuals": true,
        "match_result": "Side 2 (Rick Walker) wins",
        "winner_method": "pinfall",
        "match_result_display": "Rick Walker def. Kevin Ramirez by pinfall (05:37)",
        "match_visibility": {
            "hide_from_card": true,
            "hide_summary": true,
            "hide_result": false
        },
        "warnings": [],
        "segment_position": 108,
        "match_id": "5d09158d-5fd1-434e-bb4e-14fd99aec757"
    }
]