[
    {
        "position": 100,
        "type": "Match",
        "header": "Dark Match",
        "participants_display": "Rage Blackwolf vs Don Real",
        "sides": [
            [
                "Rage Blackwolf"
            ],
            [
                "Don Real"
            ]
        ],
        "match_result": "Side 1 (Rage Blackwolf) wins",
        "match_result_display": "Rage Blackwolf def. Don Real by pinfall (00:38)",
        "match_id": "1ce4326b-1050-45e3-9d0b-518879edc387",
        "summary_file": "/home/gary/wma/includes/tmp/mayhem-57/match_dark-match.md"
    },
    {
        "position": 101,
        "type": "Match",
        "header": "Dark Match",
        "participants_display": "Dominic Black, Hugo Royce vs Masked Crushers",
        "sides": [
            [
                "Dominic Black",
                "Hugo Royce"
            ],
            [
                "Masked Crushers"
            ]
        ],
        "match_result": "",
        "match_result_display": "",
        "match_id": "696383ad-0496-4087-bb30-7cdb83906056",
        "summary_file": "/home/gary/wma/includes/tmp/mayhem-57/match_dark-match.md"
    },
    {
        "position": 102,
        "type": "Match",
        "header": "Dark Match",
        "participants_display": "Javier Reyes vs Tom Ham",
        "sides": [
            [
                "Javier Reyes"
            ],
            [
                "Tom Ham"
            ]
        ],
        "match_result": "",
        "match_result_display": "",
        "match_id": "15567568-4dff-4352-bf6c-6d8586ba5ea5",
        "summary_file": "/home/gary/wma/includes/tmp/mayhem-57/match_dark-match.md"
    },
    {
        "position": 103,
        "type": "Match",
        "header": "Unscheduled Match",
        "participants_display": "Pumas vs \"The Monster\" Payne, Max Dynamite",
        "sides": [
            [
                "Pumas"
            ],
            [
                "\"The Monster\" Payne",
                "Max Dynamite"
            ]
        ],
        "match_result": "",
        "match_result_display": "",
        "match_id": "3b2b3172-e998-4942-a8c2-afcf484c1738",
        "summary_file": "/home/gary/wma/includes/tmp/mayhem-57/match_unscheduled-match.md"
    },
    {
        "position": 104,
        "type": "Match",
        "header": "Wildcard Tournament Opening Round Match",
        "participants_display": "Dana Diamond vs Katy Kelly",
        "sides": [
            [
                "Dana Diamond"
            ],
            [
                "Katy Kelly"
            ]
        ],
        "match_result": "Side 2 (Katy Kelly) wins",
        "match_result_display": "Katy Kelly def. Dana Diamond by pinfall (11:34)",
        "match_id": "5d2cb7d4-29d0-4748-b569-7aeb2bc1b111",
        "summary_file": "/home/gary/wma/includes/tmp/mayhem-57/match_wildcard-tournament-opening-round-match.md"
    },
    {
        "position": 105,
        "type": "Match",
        "header": "Interstate Tournament Opening Round Match",
        "participants_display": "Frank Roberts vs Jason Walker",
        "sides": [
            [
                "Frank Roberts"
            ],
            [
                "Jason Walker"
            ]
        ],
        "match_result": "Side 1 (Frank Roberts) wins",
        "match_result_display": "Frank Roberts def. Jason Walker by pinfall (09:50)",
        "match_id": "63f0ff6f-18da-442b-b661-c8a02d01d6a9",
        "summary_file": "/home/gary/wma/includes/tmp/mayhem-57/match_interstate-tournament-opening-round-match.md"
    },
    {
        "position": 106,
        "type": "Match",
        "header": "Wildcard Tournament Opening Round Match",
        "participants_display": "Mandy Matthews vs Officer Cass Evans",
        "sides": [
            [
                "Mandy Matthews"
            ],
            [
                "Officer Cass Evans"
            ]
        ],
        "match_result": "Side 1 (Mandy Matthews) wins",
        "match_result_display": "Mandy Matthews def. Officer Cass Evans (14:04)",
        "match_id": "0100ca5a-689e-4a41-ac1c-03c993480956",
        "summary_file": "/home/gary/wma/includes/tmp/mayhem-57/match_wildcard-tournament-opening-round-match.md"
    },
    {
        "position": 107,
        "type": "Match",
        "header": "Special Match",
        "participants_display": "SHEros (Heather Kent, Piper Pepper) vs Danielle Marks, Jessica James",
        "sides": [
            [
                "SHEros (Heather Kent, Piper Pepper)"
            ],
            [
                "Danielle Marks",
                "Jessica James"
            ]
        ],
        "match_result": "",
        "match_result_display": "",
        "match_id": "bc396370-ad7e-41c0-bc96-e52b685fca54",
        "summary_file": "/home/gary/wma/includes/tmp/mayhem-57/match_special-match.md"
    },
    {
        "position": 108,
        "type": "Match",
        "header": "Main Event",
        "participants_display": "Adrian Waters, Rob Johnson vs KC and Joe Shore",
        "sides": [
            [
                "Adrian Waters",
                "Rob Johnson"
            ],
            [
                "KC and Joe Shore"
            ]
        ],
        "match_result": "Side 1 (Adrian Waters, Rob Johnson) wins",
        "match_result_display": "Adrian Waters, Rob Johnson def. KC and Joe Shore by pinfall (12:49)",
        "match_id": "7f6ae18f-b12c-4f59-9027-c014b5a9f3e3",
        "summary_file": "/home/gary/wma/includes/tmp/mayhem-57/match_main-event.md"
    }
]