[
    {
        "participants_display": "Angelo Rios, Roman Baldwin vs Happy Faces",
        "sides": [
            [
                "Angelo Rios, Roman Baldwin"
            ],
            [
                "Happy Faces"
            ]
        ],
        "match_time": "03:49",
        "match_championship": "",
        "match_class": "singles",
        "winning_side_index": -1,
        "individual_results": {
            "Angelo Rios, Roman Baldwin": "No Contest",
            "Happy Faces": "No Contest"
        },
        "team_results": {},
        "sync_teams_to_individuals": true,
        "match_result": "",
        "winner_method": "pinfall",
        "match_result_display": "",
        "match_visibility": {
            "hide_from_card": false,
            "hide_summary": false,
            "hide_result": false
        },
        "warnings": [],
        "segment_position": 100,
        "match_id": "6069e721-1bb9-4559-a53c-ecf2897b2415"
    },
    {
        "participants_display": "Jessica James vs Tasha Barnes",
        "sides": [
            [
                "Jessica James"
            ],
            [
                "Tasha Barnes"
            ]
        ],
        "match_time": "05:03",
        "match_championship": "",
        "match_class": "singles",
        "winning_side_index": 0,
        "individual_results": {
            "Jessica James": "Win",
            "Tasha Barnes": "Loss"
        },
        "team_results": {},
        "sync_teams_to_individuals": true,
        "match_result": "Side 1 (Jessica James) wins",
        "winner_method": "submission",
        "match_result_display": "Jessica James def. Tasha Barnes by submission (05:03)",
        "match_visibility": {
            "hide_from_card": false,
            "hide_summary": false,
            "hide_result": false
        },
        "warnings": [],
        "segment_position": 101,
        "match_id": "9e3e18fe-a78b-4d8a-9361-3a0a78b90c0c"
    },
    {
        "participants_display": "Da Bad News Baers vs Walkers",
        "sides": [
            [
                "Da Bad News Baers"
            ],
            [
                "Walkers"
            ]
        ],
        "match_time": "01:42",
        "match_championship": "",
        "match_class": "singles",
        "winning_side_index": -1,
        "individual_results": {
            "Da Bad News Baers": "No Contest",
            "Walkers": "No Contest"
        },
        "team_results": {},
        "sync_teams_to_individuals": true,
        "match_result": "",
        "winner_method": "pinfall",
        "match_result_display": "",
        "match_visibility": {
            "hide_from_card": false,
            "hide_summary": false,
            "hide_result": false
        },
        "warnings": [],
        "segment_position": 102,
        "match_id": "801231cd-00b9-42f5-b95e-d80ece404cd0"
    },
    {
        "participants_display": "Carla Rivera, Jackie Scott vs Piper Pepper, Heather Kent",
        "sides": [
            [
                "Carla Rivera",
                "Jackie Scott"
            ],
            [
                "Piper Pepper",
                "Heather Kent"
            ]
        ],
        "match_time": "10:18",
        "match_championship": "",
        "match_class": "tag",
        "winning_side_index": -1,
        "individual_results": {
            "Carla Rivera": "No Contest",
            "Jackie Scott": "No Contest",
            "Piper Pepper": "No Contest",
            "Heather Kent": "No Contest"
        },
        "team_results": {
            "Leather Angels": "No Contest",
            "SHEros": "No Contest"
        },
        "sync_teams_to_individuals": true,
        "match_result": "",
        "winner_method": "pinfall",
        "match_result_display": "",
        "match_visibility": {
            "hide_from_card": false,
            "hide_summary": false,
            "hide_result": false
        },
        "warnings": [],
        "segment_position": 103,
        "match_id": "a433378d-934b-45db-b065-c98af5007d36"
    },
    {
        "participants_display": "Doug Garner, Rick Soto vs Manuel Espinoza, Porfirio Rosario",
        "sides": [
            [
                "Doug Garner, Rick Soto"
            ],
            [
                "Manuel Espinoza",
                "Porfirio Rosario"
            ]
        ],
        "match_time": "06:20",
        "match_championship": "",
        "match_class": "handicap",
        "winning_side_index": -1,
        "individual_results": {
            "Doug Garner, Rick Soto": "No Contest",
            "Manuel Espinoza": "No Contest",
            "Porfirio Rosario": "No Contest"
        },
        "team_results": {
            "Lucha Cartel": "No Contest"
        },
        "sync_teams_to_individuals": true,
        "match_result": "",
        "winner_method": "pinfall",
        "match_result_display": "",
        "match_visibility": {
            "hide_from_card": false,
            "hide_summary": false,
            "hide_result": false
        },
        "warnings": [],
        "segment_position": 104,
        "match_id": "949e1f8a-4a1f-4c47-8ae4-3237024b259b"
    },
    {
        "participants_display": "Air America, TJ Valentine vs Pumas, Apalachi",
        "sides": [
            [
                "Air America, TJ Valentine"
            ],
            [
                "Pumas, Apalachi"
            ]
        ],
        "match_time": "08:23",
        "match_championship": "",
        "match_class": "singles",
        "winning_side_index": -1,
        "individual_results": {
            "Air America, TJ Valentine": "No Contest",
            "Pumas, Apalachi": "No Contest"
        },
        "team_results": {},
        "sync_teams_to_individuals": true,
        "match_result": "",
        "winner_method": "pinfall",
        "match_result_display": "",
        "match_visibility": {
            "hide_from_card": false,
            "hide_summary": false,
            "hide_result": false
        },
        "warnings": [],
        "segment_position": 105,
        "match_id": "a121e921-6693-4223-b5bb-94869b3a770e"
    },
    {
        "participants_display": "Extreme Randy vs Johnny Destruction",
        "sides": [
            [
                "Extreme Randy"
            ],
            [
                "Johnny Destruction"
            ]
        ],
        "match_time": "00:22",
        "match_championship": "",
        "match_class": "singles",
        "winning_side_index": 1,
        "individual_results": {
            "Extreme Randy": "Loss",
            "Johnny Destruction": "Win"
        },
        "team_results": {},
        "sync_teams_to_individuals": true,
        "match_result": "Side 2 (Johnny Destruction) wins",
        "winner_method": "pinfall",
        "match_result_display": "Johnny Destruction def. Extreme Randy by pinfall (00:22)",
        "match_visibility": {
            "hide_from_card": false,
            "hide_summary": false,
            "hide_result": false
        },
        "warnings": [],
        "segment_position": 106,
        "match_id": "68dd3cff-60db-4800-843a-b6f9722f8980"
    },
    {
        "participants_display": "Abigail James, Danielle Marks vs Desiree Maxwell, Samantha Cannon",
        "sides": [
            [
                "Abigail James",
                "Danielle Marks"
            ],
            [
                "Desiree Maxwell",
                "Samantha Cannon"
            ]
        ],
        "match_time": "08:53",
        "match_championship": "",
        "match_class": "tag",
        "winning_side_index": -1,
        "individual_results": {
            "Abigail James": "No Contest",
            "Danielle Marks": "No Contest",
            "Desiree Maxwell": "No Contest",
            "Samantha Cannon": "No Contest"
        },
        "team_results": {
            "Hot Shots": "No Contest",
            "Short Fuse": "No Contest"
        },
        "sync_teams_to_individuals": true,
        "match_result": "",
        "winner_method": "pinfall",
        "match_result_display": "",
        "match_visibility": {
            "hide_from_card": false,
            "hide_summary": false,
            "hide_result": false
        },
        "warnings": [],
        "segment_position": 107,
        "match_id": "aabfde0d-5538-40be-87c0-982b5b2c50da"
    },
    {
        "participants_display": "Rage Blackwolf vs Vincent Van Ives",
        "sides": [
            [
                "Rage Blackwolf"
            ],
            [
                "Vincent Van Ives"
            ]
        ],
        "match_time": "17:34",
        "match_championship": "",
        "match_class": "singles",
        "winning_side_index": 1,
        "individual_results": {
            "Rage Blackwolf": "Loss",
            "Vincent Van Ives": "Win"
        },
        "team_results": {},
        "sync_teams_to_individuals": true,
        "match_result": "Side 2 (Vincent Van Ives) wins",
        "winner_method": "pinfall",
        "match_result_display": "Vincent Van Ives def. Rage Blackwolf by pinfall (17:34)",
        "match_visibility": {
            "hide_from_card": false,
            "hide_summary": false,
            "hide_result": false
        },
        "warnings": [],
        "segment_position": 108,
        "match_id": "9b4a632e-9d63-4ba3-af59-e7a2939dceea"
    }
]