[
    {
        "position": 1,
        "type": "Match",
        "header": "Singles Match",
        "participants_display": "Adrian Waters vs KC Shore",
        "sides": [
            [
                "Adrian Waters"
            ],
            [
                "KC Shore"
            ]
        ],
        "match_result": "Side 2 (KC Shore) wins",
        "match_result_display": "KC Shore def. Adrian Waters by submission (14:14)",
        "match_id": "11ef67c8-ee5c-4488-aa8c-8e1211ba0272",
        "summary_file": "/home/gary/github/slamsim/includes/tmp/mayhem-8/match_singles-match_1.md"
    }
]