[
    {
        "participants_display": "Rob Johnson (w/Adrian Waters) © vs Bobby Biceps",
        "sides": [
            [
                "Rob Johnson (w/Adrian Waters) ©"
            ],
            [
                "Bobby Biceps"
            ]
        ],
        "match_time": "17:02",
        "match_championship": "wma-television-championship-73c8",
        "match_class": "singles",
        "winning_side_index": 0,
        "individual_results": {
            "Rob Johnson (w/Adrian Waters) ©": "Win",
            "Bobby Biceps": "Loss"
        },
        "team_results": {},
        "sync_teams_to_individuals": true,
        "match_result": "Side 1 (Rob Johnson (w/Adrian Waters) ©) wins",
        "winner_method": "pinfall",
        "match_result_display": "Rob Johnson (w/Adrian Waters) © def. Bobby Biceps by pinfall (17:02)",
        "match_visibility": {
            "hide_from_card": false,
            "hide_summary": false,
            "hide_result": false
        },
        "warnings": [],
        "segment_position": 100,
        "match_id": "c8e41e97-960d-435f-93da-3fc175b853b2"
    },
    {
        "participants_display": "Adrenaline (Candice Whitehall, Gina Cook w/Tracy Stern) vs Mandy Matthews and Missy Wallace",
        "sides": [
            [
                "Adrenaline (Candice Whitehall, Gina Cook w/Tracy Stern)"
            ],
            [
                "Mandy Matthews and Missy Wallace"
            ]
        ],
        "match_time": "11:37",
        "match_championship": "",
        "match_class": "singles",
        "winning_side_index": 1,
        "individual_results": {
            "Adrenaline (Candice Whitehall, Gina Cook w/Tracy Stern)": "Loss",
            "Mandy Matthews and Missy Wallace": "Win"
        },
        "team_results": {},
        "sync_teams_to_individuals": true,
        "match_result": "Side 2 (Mandy Matthews and Missy Wallace) wins",
        "winner_method": "pinfall",
        "match_result_display": "Mandy Matthews and Missy Wallace def. Adrenaline (Candice Whitehall, Gina Cook w/Tracy Stern) by pinfall (11:37)",
        "match_visibility": {
            "hide_from_card": false,
            "hide_summary": false,
            "hide_result": false
        },
        "warnings": [],
        "segment_position": 101,
        "match_id": "d26c9a9c-6bb1-4b2a-9357-6d120950f94d"
    },
    {
        "participants_display": "Jamey Kingston (w/Adrian Waters) vs TJ Valentine",
        "sides": [
            [
                "Jamey Kingston (w/Adrian Waters)"
            ],
            [
                "TJ Valentine"
            ]
        ],
        "match_time": "08:45",
        "match_championship": "",
        "match_class": "singles",
        "winning_side_index": 0,
        "individual_results": {
            "Jamey Kingston (w/Adrian Waters)": "Win",
            "TJ Valentine": "Loss"
        },
        "team_results": {},
        "sync_teams_to_individuals": true,
        "match_result": "Side 1 (Jamey Kingston (w/Adrian Waters)) wins",
        "winner_method": "pinfall",
        "match_result_display": "Jamey Kingston (w/Adrian Waters) def. TJ Valentine by pinfall (08:45)",
        "match_visibility": {
            "hide_from_card": false,
            "hide_summary": false,
            "hide_result": false
        },
        "warnings": [],
        "segment_position": 102,
        "match_id": "e5d3e582-30cd-4238-b910-8c33a66ac4c3"
    },
    {
        "participants_display": "Brenda Marshall vs Olivia Winters",
        "sides": [
            [
                "Brenda Marshall"
            ],
            [
                "Olivia Winters"
            ]
        ],
        "match_time": "14:01",
        "match_championship": "",
        "match_class": "singles",
        "winning_side_index": 1,
        "individual_results": {
            "Brenda Marshall": "Loss",
            "Olivia Winters": "Win"
        },
        "team_results": {},
        "sync_teams_to_individuals": true,
        "match_result": "Side 2 (Olivia Winters) wins",
        "winner_method": "submission",
        "match_result_display": "Olivia Winters def. Brenda Marshall by submission (14:01)",
        "match_visibility": {
            "hide_from_card": false,
            "hide_summary": false,
            "hide_result": false
        },
        "warnings": [],
        "segment_position": 103,
        "match_id": "c681553c-b1e9-4565-96e7-0c54d66e3861"
    },
    {
        "participants_display": "Edmund Crowley vs Johnny Destruction",
        "sides": [
            [
                "Edmund Crowley"
            ],
            [
                "Johnny Destruction"
            ]
        ],
        "match_time": "13:29",
        "match_championship": "",
        "match_class": "singles",
        "winning_side_index": 1,
        "individual_results": {
            "Edmund Crowley": "Loss",
            "Johnny Destruction": "Win"
        },
        "team_results": {},
        "sync_teams_to_individuals": true,
        "match_result": "Side 2 (Johnny Destruction) wins",
        "winner_method": "pinfall",
        "match_result_display": "Johnny Destruction def. Edmund Crowley by pinfall (13:29)",
        "match_visibility": {
            "hide_from_card": false,
            "hide_summary": false,
            "hide_result": false
        },
        "warnings": [],
        "segment_position": 104,
        "match_id": "ced2c812-4521-4bd2-940c-46557084cf4f"
    },
    {
        "participants_display": "Knightfall (Chris Davids, John Blair w/Shadowcat) (c) vs Pumas (Killian and Noah Brady w/Rudy Fresno)",
        "sides": [
            [
                "Knightfall (Chris Davids, John Blair w/Shadowcat) (c)"
            ],
            [
                "Pumas (Killian and Noah Brady w/Rudy Fresno)"
            ]
        ],
        "match_time": "24:28",
        "match_championship": "wma-world-tag-team-championship-ee2a",
        "match_class": "singles",
        "winning_side_index": -1,
        "individual_results": {
            "Knightfall (Chris Davids, John Blair w/Shadowcat) (c)": "No Contest",
            "Pumas (Killian and Noah Brady w/Rudy Fresno)": "No Contest"
        },
        "team_results": {},
        "sync_teams_to_individuals": true,
        "match_result": "",
        "winner_method": "pinfall",
        "match_result_display": "",
        "match_visibility": {
            "hide_from_card": false,
            "hide_summary": false,
            "hide_result": false
        },
        "warnings": [],
        "segment_position": 105,
        "match_id": "177abd64-92fb-41dd-ba63-372202537ce8"
    },
    {
        "participants_display": "Howard Marsh vs Rage Blackwolf",
        "sides": [
            [
                "Howard Marsh"
            ],
            [
                "Rage Blackwolf"
            ]
        ],
        "match_time": "01:53",
        "match_championship": "",
        "match_class": "singles",
        "winning_side_index": 1,
        "individual_results": {
            "Howard Marsh": "Loss",
            "Rage Blackwolf": "Win"
        },
        "team_results": {},
        "sync_teams_to_individuals": true,
        "match_result": "Side 2 (Rage Blackwolf) wins",
        "winner_method": "pinfall",
        "match_result_display": "Rage Blackwolf def. Howard Marsh by pinfall (01:53)",
        "match_visibility": {
            "hide_from_card": true,
            "hide_summary": true,
            "hide_result": false
        },
        "warnings": [],
        "segment_position": 106,
        "match_id": "f8de8ac5-a68d-473a-a509-ce5c588e8b39"
    },
    {
        "participants_display": "Don Real vs Fitzgerald",
        "sides": [
            [
                "Don Real"
            ],
            [
                "Fitzgerald"
            ]
        ],
        "match_time": "04:32",
        "match_championship": "",
        "match_class": "singles",
        "winning_side_index": 1,
        "individual_results": {
            "Don Real": "Loss",
            "Fitzgerald": "Win"
        },
        "team_results": {},
        "sync_teams_to_individuals": true,
        "match_result": "Side 2 (Fitzgerald) wins",
        "winner_method": "pinfall",
        "match_result_display": "Fitzgerald def. Don Real by pinfall (04:32)",
        "match_visibility": {
            "hide_from_card": true,
            "hide_summary": true,
            "hide_result": false
        },
        "warnings": [],
        "segment_position": 107,
        "match_id": "7b9a067e-f998-4e91-b82f-38b575739454"
    },
    {
        "participants_display": "Penny Bell, Krystal Schmidt vs Brianna Caldwell, Cassidy Quinn",
        "sides": [
            [
                "Penny Bell, Krystal Schmidt"
            ],
            [
                "Brianna Caldwell",
                "Cassidy Quinn"
            ]
        ],
        "match_time": "03:41",
        "match_championship": "",
        "match_class": "handicap",
        "winning_side_index": -1,
        "individual_results": {
            "Penny Bell, Krystal Schmidt": "No Contest",
            "Brianna Caldwell": "No Contest",
            "Cassidy Quinn": "No Contest"
        },
        "team_results": {
            "Reckless Ambition": "No Contest"
        },
        "sync_teams_to_individuals": true,
        "match_result": "",
        "winner_method": "pinfall",
        "match_result_display": "",
        "match_visibility": {
            "hide_from_card": true,
            "hide_summary": true,
            "hide_result": false
        },
        "warnings": [],
        "segment_position": 108,
        "match_id": "21caf756-3066-4756-ac08-bde50566a0cb"
    }
]