[
    {
        "participants_display": "Bobby Biceps vs Rick Soto",
        "sides": [
            [
                "Bobby Biceps"
            ],
            [
                "Rick Soto"
            ]
        ],
        "match_time": "03:10",
        "match_championship": "",
        "match_class": "singles",
        "winning_side_index": 0,
        "individual_results": {
            "Bobby Biceps": "Win",
            "Rick Soto": "Loss"
        },
        "team_results": {},
        "sync_teams_to_individuals": true,
        "match_result": "Side 1 (Bobby Biceps) wins",
        "winner_method": "pinfall",
        "match_result_display": "Bobby Biceps def. Rick Soto by pinfall (03:10)",
        "match_visibility": {
            "hide_from_card": true,
            "hide_summary": true,
            "hide_result": false
        },
        "warnings": [],
        "segment_position": 100,
        "match_id": "2bceb120-d854-4af7-8ea1-a301c9ff7cc1"
    },
    {
        "participants_display": "Joyce Porter, Pauline Schneider vs Mandy Matthews, Officer Cass Evans",
        "sides": [
            [
                "Joyce Porter, Pauline Schneider"
            ],
            [
                "Mandy Matthews",
                "Officer Cass Evans"
            ]
        ],
        "match_time": "04:34",
        "match_championship": "",
        "match_class": "handicap",
        "winning_side_index": 1,
        "individual_results": {
            "Joyce Porter, Pauline Schneider": "Loss",
            "Mandy Matthews": "Win",
            "Officer Cass Evans": "Win"
        },
        "team_results": {},
        "sync_teams_to_individuals": true,
        "match_result": "Side 2 (Mandy Matthews, Officer Cass Evans) wins",
        "winner_method": "submission",
        "match_result_display": "Mandy Matthews, Officer Cass Evans def. Joyce Porter, Pauline Schneider by submission (04:34)",
        "match_visibility": {
            "hide_from_card": true,
            "hide_summary": true,
            "hide_result": false
        },
        "warnings": [],
        "segment_position": 101,
        "match_id": "c249bee9-5d93-41d1-8a19-d85e57e122f9"
    },
    {
        "participants_display": "Doug Garner vs Rob Johnson",
        "sides": [
            [
                "Doug Garner"
            ],
            [
                "Rob Johnson"
            ]
        ],
        "match_time": "02:58",
        "match_championship": "",
        "match_class": "singles",
        "winning_side_index": 1,
        "individual_results": {
            "Doug Garner": "Loss",
            "Rob Johnson": "Win"
        },
        "team_results": {},
        "sync_teams_to_individuals": true,
        "match_result": "Side 2 (Rob Johnson) wins",
        "winner_method": "pinfall",
        "match_result_display": "Rob Johnson def. Doug Garner by pinfall (02:58)",
        "match_visibility": {
            "hide_from_card": true,
            "hide_summary": true,
            "hide_result": false
        },
        "warnings": [],
        "segment_position": 102,
        "match_id": "eac300e0-d7dc-48b9-9cf4-25edf8762c50"
    },
    {
        "participants_display": "Apalachi vs Ranger Ross",
        "sides": [
            [
                "Apalachi"
            ],
            [
                "Ranger Ross"
            ]
        ],
        "match_time": "13:18",
        "match_championship": "",
        "match_class": "singles",
        "winning_side_index": 0,
        "individual_results": {
            "Apalachi": "Win",
            "Ranger Ross": "Loss"
        },
        "team_results": {},
        "sync_teams_to_individuals": true,
        "match_result": "Side 1 (Apalachi) wins",
        "winner_method": "pinfall",
        "match_result_display": "Apalachi def. Ranger Ross by pinfall (13:18)",
        "match_visibility": {
            "hide_from_card": false,
            "hide_summary": false,
            "hide_result": false
        },
        "warnings": [],
        "segment_position": 103,
        "match_id": "08bc1f39-6fe0-4dd6-b139-753d503af523"
    },
    {
        "participants_display": "Apryl Raser vs Brenda Marshall",
        "sides": [
            [
                "Apryl Raser"
            ],
            [
                "Brenda Marshall"
            ]
        ],
        "match_time": "20:00",
        "match_championship": "",
        "match_class": "singles",
        "winning_side_index": -1,
        "individual_results": {
            "Apryl Raser": "No Contest",
            "Brenda Marshall": "No Contest"
        },
        "team_results": {},
        "sync_teams_to_individuals": true,
        "match_result": "",
        "winner_method": "",
        "match_result_display": "",
        "match_visibility": {
            "hide_from_card": false,
            "hide_summary": false,
            "hide_result": false
        },
        "warnings": [],
        "segment_position": 104,
        "match_id": "381e842d-25e2-4a81-a5ee-1775cf1773f2"
    },
    {
        "participants_display": "Mad Dogs vs Purple Rime, Red Mist",
        "sides": [
            [
                "Mad Dogs"
            ],
            [
                "Purple Rime",
                "Red Mist"
            ]
        ],
        "match_time": "15:44",
        "match_championship": "",
        "match_class": "handicap",
        "winning_side_index": -1,
        "individual_results": {
            "Mad Dogs": "No Contest",
            "Purple Rime": "No Contest",
            "Red Mist": "No Contest"
        },
        "team_results": {
            "Sacred Dragons": "No Contest"
        },
        "sync_teams_to_individuals": true,
        "match_result": "",
        "winner_method": "pinfall",
        "match_result_display": "",
        "match_visibility": {
            "hide_from_card": false,
            "hide_summary": false,
            "hide_result": false
        },
        "warnings": [],
        "segment_position": 105,
        "match_id": "226db0b1-7b9a-4500-a418-f8289d9e748a"
    },
    {
        "participants_display": "Johnny Destruction vs \"The Monster\" Payne",
        "sides": [
            [
                "Johnny Destruction"
            ],
            [
                "\"The Monster\" Payne"
            ]
        ],
        "match_time": "17:17",
        "match_championship": "",
        "match_class": "singles",
        "winning_side_index": 1,
        "individual_results": {
            "Johnny Destruction": "Loss",
            "\"The Monster\" Payne": "Win"
        },
        "team_results": {},
        "sync_teams_to_individuals": true,
        "match_result": "Side 2 (\"The Monster\" Payne) wins",
        "winner_method": "pinfall",
        "match_result_display": "\"The Monster\" Payne def. Johnny Destruction by pinfall (17:17)",
        "match_visibility": {
            "hide_from_card": false,
            "hide_summary": false,
            "hide_result": false
        },
        "warnings": [],
        "segment_position": 106,
        "match_id": "22653429-aebf-4c8b-986f-f53af073d8c8"
    },
    {
        "participants_display": "KC Shore (c) vs Jim Brady",
        "sides": [
            [
                "KC Shore (c)"
            ],
            [
                "Jim Brady"
            ]
        ],
        "match_time": "16:45",
        "match_championship": "wma-television-championship-73c8",
        "match_class": "singles",
        "winning_side_index": 0,
        "individual_results": {
            "KC Shore (c)": "Win",
            "Jim Brady": "Loss"
        },
        "team_results": {},
        "sync_teams_to_individuals": true,
        "match_result": "Side 1 (KC Shore (c)) wins",
        "winner_method": "disqualification",
        "match_result_display": "KC Shore (c) def. Jim Brady by disqualification (16:45)",
        "match_visibility": {
            "hide_from_card": false,
            "hide_summary": false,
            "hide_result": false
        },
        "warnings": [],
        "segment_position": 107,
        "match_id": "8e083273-28f0-4dd5-b031-e0a5d8798d17"
    }
]