[
    {
        "position": 100,
        "type": "Match",
        "header": "Dark Match",
        "participants_display": "Candice Whitehall, Gina Cook vs Eunis Martinez, Joyce Porter",
        "sides": [
            [
                "Candice Whitehall",
                "Gina Cook"
            ],
            [
                "Eunis Martinez, Joyce Porter"
            ]
        ],
        "match_result": "",
        "match_result_display": "",
        "match_id": "a6087741-d5c1-4612-8f98-bdc3f28d901c",
        "summary_file": "/home/gary/wma/includes/tmp/mayhem-58/match_dark-match.md"
    },
    {
        "position": 101,
        "type": "Match",
        "header": "Dark Match",
        "participants_display": "Lenny Dennis vs Javier Reyes",
        "sides": [
            [
                "Lenny Dennis"
            ],
            [
                "Javier Reyes"
            ]
        ],
        "match_result": "Side 2 (Javier Reyes) wins",
        "match_result_display": "Javier Reyes def. Lenny Dennis by pinfall (03:48)",
        "match_id": "0aec97c0-2529-48e8-a2fc-ec5632ebc1d8",
        "summary_file": "/home/gary/wma/includes/tmp/mayhem-58/match_dark-match.md"
    },
    {
        "position": 102,
        "type": "Match",
        "header": "Dark Match",
        "participants_display": "Genevieve Andrews vs Ingrid Thorburn",
        "sides": [
            [
                "Genevieve Andrews"
            ],
            [
                "Ingrid Thorburn"
            ]
        ],
        "match_result": "Side 2 (Ingrid Thorburn) wins",
        "match_result_display": "Ingrid Thorburn def. Genevieve Andrews by submission (01:32)",
        "match_id": "0d186dd8-6ee2-4be7-a87c-90674f97140b",
        "summary_file": "/home/gary/wma/includes/tmp/mayhem-58/match_dark-match.md"
    },
    {
        "position": 103,
        "type": "Match",
        "header": "Tag-Team Match",
        "participants_display": "Amber Sloane, Tammy Terrel vs Carla Rivera, Jackie Scott",
        "sides": [
            [
                "Amber Sloane",
                "Tammy Terrel"
            ],
            [
                "Carla Rivera",
                "Jackie Scott"
            ]
        ],
        "match_result": "",
        "match_result_display": "",
        "match_id": "61c12012-47c5-4abc-8c9d-981917e2501c",
        "summary_file": "/home/gary/wma/includes/tmp/mayhem-58/match_tag-team-match.md"
    },
    {
        "position": 104,
        "type": "Match",
        "header": "Tag-Team Match",
        "participants_display": "Troy Stone, Reed Cutter vs Danny Whitlock, Kaito Tanaka",
        "sides": [
            [
                "Troy Stone",
                "Reed Cutter"
            ],
            [
                "Danny Whitlock",
                "Kaito Tanaka"
            ]
        ],
        "match_result": "",
        "match_result_display": "",
        "match_id": "d426f61d-aa78-4780-9e3f-ba7954feb339",
        "summary_file": "/home/gary/wma/includes/tmp/mayhem-58/match_tag-team-match.md"
    },
    {
        "position": 105,
        "type": "Match",
        "header": "Singles Match",
        "participants_display": "Bobby Biceps vs Michael King",
        "sides": [
            [
                "Bobby Biceps"
            ],
            [
                "Michael King"
            ]
        ],
        "match_result": "Side 1 (Bobby Biceps) wins",
        "match_result_display": "Bobby Biceps def. Michael King by pinfall (10:42)",
        "match_id": "9fb549d5-f89f-4c4c-8659-f39010a3d2c8",
        "summary_file": "/home/gary/wma/includes/tmp/mayhem-58/match_singles-match.md"
    },
    {
        "position": 106,
        "type": "Match",
        "header": "Wildcard Tournament Opening Round Match",
        "participants_display": "Anastasia Phoenix vs Missy Wallace",
        "sides": [
            [
                "Anastasia Phoenix"
            ],
            [
                "Missy Wallace"
            ]
        ],
        "match_result": "Side 1 (Anastasia Phoenix) wins",
        "match_result_display": "Anastasia Phoenix def. Missy Wallace by pinfall (14:16)",
        "match_id": "e8c605a9-cdc5-47ef-8613-9c473d3d799f",
        "summary_file": "/home/gary/wma/includes/tmp/mayhem-58/match_wildcard-tournament-opening-round-match.md"
    },
    {
        "position": 107,
        "type": "Match",
        "header": "Interstate Tournament Opening Round Match",
        "participants_display": "Apalachi vs Fox Kelly",
        "sides": [
            [
                "Apalachi"
            ],
            [
                "Fox Kelly"
            ]
        ],
        "match_result": "Side 1 (Apalachi) wins",
        "match_result_display": "Apalachi def. Fox Kelly by submission (06:35)",
        "match_id": "68909b43-6b48-4234-8ce2-cc2a2ab807fb",
        "summary_file": "/home/gary/wma/includes/tmp/mayhem-58/match_interstate-tournament-opening-round-match.md"
    },
    {
        "position": 108,
        "type": "Match",
        "header": "Main Event - 10-Man Tag",
        "participants_display": "Adrian Waters, Jamey Kingston, Rob Johnson, The Texas Badlanders vs KC Shore, Joe Shore, Rick Walker, Jason Walker, Tyler Vaughn",
        "sides": [
            [
                "Adrian Waters, Jamey Kingston, Rob Johnson, The Texas Badlanders"
            ],
            [
                "KC Shore",
                "Joe Shore",
                "Rick Walker",
                "Jason Walker",
                "Tyler Vaughn"
            ]
        ],
        "match_result": "Side 2 (KC Shore, Joe Shore, Rick Walker, Jason Walker, Tyler Vaughn) wins",
        "match_result_display": "KC Shore, Joe Shore, Rick Walker, Jason Walker, Tyler Vaughn def. Adrian Waters, Jamey Kingston, Rob Johnson, The Texas Badlanders by pinfall (21:55)",
        "match_id": "2b389b3b-1f0a-4d99-9202-f82421e00ab4",
        "summary_file": "/home/gary/wma/includes/tmp/mayhem-58/match_main-event-10-man-tag.md"
    }
]