[
    {
        "sides": [
            [
                "Chris Davids",
                "John Blair"
            ],
            [
                "Frank Roberts",
                " Bill McGraw"
            ]
        ],
        "match_time": "22:38",
        "match_championship": "",
        "winning_side_index": 0,
        "individual_results": {
            "John Blair": "Win",
            "Frank Roberts": "Loss",
            " Bill McGraw": "Loss",
            "Chris Davids": "Win"
        },
        "team_results": {
            "Knightfall": "Win",
            "The Texas Badlanders": "Loss"
        },
        "sync_teams_to_individuals": true,
        "match_result": "Side 1 (Chris Davids, John Blair) wins",
        "winner_method": "pinfall",
        "match_result_display": "Knightfall (Chris Davids, John Blair) def. The Texas Badlanders (Frank Roberts,  Bill McGraw) by pinfall (22:38)",
        "match_visibility": {
            "hide_from_card": false,
            "hide_summary": false,
            "hide_result": false
        },
        "warnings": [],
        "match_class": "tag",
        "match_id": "d80077c5-a41b-4222-b4d0-f5256da56cd6",
        "segment_position": 1
    },
    {
        "sides": [
            [
                "Katy Kelly"
            ],
            [
                "Naomi Tanaka"
            ]
        ],
        "match_time": "09:19",
        "match_championship": "WMA Women's World Championship",
        "winning_side_index": 0,
        "individual_results": {
            "Katy Kelly": "Win",
            "Naomi Tanaka": "Loss"
        },
        "team_results": {},
        "sync_teams_to_individuals": true,
        "match_result": "Side 1 (Katy Kelly) wins",
        "winner_method": "pinfall",
        "match_result_display": "Katy Kelly def. Naomi Tanaka by pinfall to win the WMA Women's World Championship (09:19)",
        "match_visibility": {
            "hide_from_card": false,
            "hide_summary": false,
            "hide_result": false
        },
        "warnings": [],
        "match_class": "singles",
        "match_id": "ee12efac-0633-404c-a35c-de30441fb854",
        "segment_position": 2
    },
    {
        "sides": [
            [
                "Mad Dog Bark",
                " Mad Dog Bite"
            ],
            [
                "Crusher #1",
                "Crusher #2"
            ]
        ],
        "match_time": "22:11",
        "match_championship": "WMA World Tag-Team Championship",
        "winning_side_index": -1,
        "individual_results": {
            "Mad Dog Bark": "Draw",
            " Mad Dog Bite": "Draw",
            "Crusher #1": "Draw",
            "Crusher #2": "Draw"
        },
        "team_results": {
            "The Mad Dogs": "Draw",
            "The Masked Crushers": "Draw"
        },
        "sync_teams_to_individuals": true,
        "match_result": "Draw (Double disqualification)",
        "winner_method": "",
        "match_result_display": "The Mad Dogs (Mad Dog Bark,  Mad Dog Bite) vs The Masked Crushers (Crusher #1, Crusher #2) ended in a draw (double disqualification) (22:11)",
        "match_visibility": {
            "hide_from_card": false,
            "hide_summary": false,
            "hide_result": false
        },
        "warnings": [],
        "match_class": "tag",
        "match_id": "765d920f-76b4-467a-8ff9-4889d209be04",
        "segment_position": 3
    },
    {
        "sides": [
            [
                "Timothy Myers"
            ],
            [
                "Scott Ashton"
            ]
        ],
        "match_time": "19:43",
        "match_championship": "WMA World Championship",
        "winning_side_index": 0,
        "individual_results": {
            "Timothy Myers": "Win",
            "Scott Ashton": "Loss"
        },
        "team_results": {},
        "sync_teams_to_individuals": true,
        "match_result": "Side 1 (Timothy Myers) wins",
        "winner_method": "pinfall",
        "match_result_display": "Timothy Myers def. Scott Ashton by pinfall to retain the WMA World Championship (19:43)",
        "match_visibility": {
            "hide_from_card": false,
            "hide_summary": false,
            "hide_result": false
        },
        "warnings": [],
        "match_class": "singles",
        "match_id": "b810edab-c7d2-490d-9dff-7a552271f689",
        "segment_position": 4
    }
]